student_id,gender,age,department,semester,study_hours_per_day,attendance_percentage,sleep_hours_per_day,backlogs,extracurricular_activity,internet_access_at_home,part_time_job,family_income_level,cgpa,placed
STU1000,Male,20,Mechanical,5,2.3,83.1,7.4,1,Yes,Yes,Yes,High,7.58,Yes
STU1001,Female,21,Computer Science,2,6.3,66.2,6.8,2,No,Yes,No,High,8.04,Yes
STU1002,Female,19,IT,7,3.4,100,4.6,0,Yes,Yes,No,Low,8.73,Yes
STU1003,Female,20,Mechanical,4,6.7,74,8.2,1,Yes,Yes,No,Low,9.69,Yes
STU1004,Male,20,Computer Science,5,5.6,74.3,6.7,2,Yes,Yes,Yes,Medium,7.68,No
STU1005,Male,21,Electrical,1,0,73.8,6,1,Yes,No,Yes,Medium,7.5,Yes
STU1006,Male,22,Mechanical,1,2,70.3,6,0,Yes,Yes,No,Medium,7.65,Yes
STU1007,Female,18,Computer Science,7,5.9,69.2,4.1,1,Yes,Yes,No,Low,7.98,No
STU1008,Female,20,Mechanical,2,4.3,71.7,7.2,2,No,Yes,No,Low,8.74,Yes
STU1009,Female,18,Computer Science,6,2,61.6,6.8,3,Yes,No,Yes,Low,6.27,No
STU1010,Male,20,IT,1,2.7,68.6,6.3,1,No,Yes,No,High,6.86,No
STU1011,Female,19,IT,8,0.2,100,8,2,Yes,Yes,No,High,6.52,No
STU1012,Female,19,Electrical,1,3.8,86.8,4.8,0,Yes,No,No,Low,8.69,Yes
STU1013,Male,19,Mechanical,1,8.4,89.1,5.8,0,No,Yes,No,Low,9.92,Yes
STU1014,Male,20,Electronics,4,5.6,92.1,5.5,2,No,Yes,No,Low,8.16,Yes
STU1015,Male,19,IT,1,8.4,100,6.2,0,No,No,No,High,9.76,Yes
STU1016,Male,21,Computer Science,3,5.8,56.7,6.6,0,No,Yes,No,High,7.48,Yes
STU1017,Male,20,Mechanical,5,6.1,63.2,7,0,Yes,Yes,No,Low,8.81,Yes
STU1018,Male,18,Mechanical,7,7.9,68.4,6.1,1,No,Yes,No,Medium,9.02,Yes
STU1019,Male,21,Computer Science,1,4.8,72.4,5.4,1,No,Yes,Yes,Medium,8.21,Yes
STU1020,Female,19,Electronics,6,3.6,74.4,8.5,0,Yes,Yes,No,Medium,7.83,Yes
STU1021,Male,20,IT,8,6.1,72.6,9.4,2,No,Yes,Yes,Medium,7.25,No
STU1022,Male,20,IT,6,6.9,80.6,6.7,1,No,Yes,Yes,Medium,8.28,Yes
STU1023,Male,19,Computer Science,1,3,78.4,5.6,0,Yes,Yes,No,High,8.53,Yes
STU1024,Male,18,Computer Science,1,2.6,69.3,8.3,1,No,Yes,No,Low,6.81,No
STU1025,Female,19,Computer Science,3,4.3,51.9,4.8,1,No,Yes,No,Medium,7.02,Yes
STU1026,Male,22,IT,1,5.7,66.1,6.1,1,No,Yes,Yes,Medium,7.93,Yes
STU1027,Male,20,Computer Science,1,5.6,71.4,5.7,0,Yes,Yes,No,Medium,8.3,Yes
STU1028,Female,20,Civil,5,1.2,75,5.1,1,No,Yes,No,Medium,6.26,No
STU1029,Male,20,Computer Science,6,7.8,64.4,6.2,0,Yes,Yes,No,High,8.81,Yes
STU1030,Female,19,Mechanical,3,2.7,72.1,5.5,0,Yes,No,No,Medium,8.5,Yes
STU1031,Male,20,Electronics,6,3.5,64.4,6.5,1,Yes,Yes,No,Medium,7.75,Yes
STU1032,Male,21,IT,3,2.2,76.5,6.5,1,No,Yes,No,Medium,7.87,Yes
STU1033,Female,18,Computer Science,6,9.4,65.1,5.8,1,No,Yes,No,Medium,10,Yes
STU1034,Female,19,Mechanical,1,4.5,67.8,6.1,1,No,Yes,No,Medium,6.33,No
STU1035,Female,19,Computer Science,6,2.3,62.3,6.2,1,No,Yes,No,Medium,7.07,Yes
STU1036,Male,20,Civil,6,5.7,76.2,7.5,1,Yes,Yes,No,Medium,8.04,Yes
STU1037,Male,22,IT,3,5.5,67.6,6.3,0,Yes,Yes,Yes,Medium,9.26,Yes
STU1038,Female,18,Computer Science,7,3.6,88.9,7.5,0,No,Yes,No,Medium,7.97,Yes
STU1039,Male,20,IT,2,5.7,82.9,7.2,1,No,Yes,No,High,7.88,No
STU1040,Male,19,Mechanical,3,2.3,77.2,7.2,1,No,Yes,No,Medium,6.35,Yes
STU1041,Male,22,Computer Science,3,3,68.4,8.2,1,Yes,Yes,Yes,High,7.15,Yes
STU1042,Male,18,Electronics,3,0,82.6,5.2,1,Yes,Yes,No,High,6.96,No
STU1043,Female,20,Computer Science,4,1.4,86.3,5.9,2,Yes,No,No,Low,6.66,No
STU1044,Male,21,Civil,7,7.6,79.7,8.6,0,Yes,Yes,No,Medium,8.96,Yes
STU1045,Female,21,IT,4,7.3,97.2,6.2,1,Yes,Yes,Yes,Low,10,Yes
STU1046,Male,20,Computer Science,4,4.1,83.5,3.1,2,No,Yes,No,Low,7.65,No
STU1047,Male,19,Mechanical,3,7.3,89,6.3,1,No,Yes,Yes,Medium,9.62,Yes
STU1048,Male,19,IT,2,3.7,79.6,6.7,1,No,Yes,Yes,High,8.49,Yes
STU1049,Male,19,Electrical,3,3.5,86.1,3.4,0,Yes,No,No,Low,7.13,No
STU1050,Female,19,Mechanical,1,4.1,68.4,8.1,0,Yes,No,No,High,7.66,No
STU1051,Female,20,Electrical,2,3.8,72.5,5.6,1,No,Yes,No,Medium,8.05,Yes
STU1052,Female,19,Mechanical,4,3.6,82.2,6.9,1,No,Yes,Yes,High,7.26,No
STU1053,Female,19,Electronics,8,6.3,82.1,6.2,0,No,Yes,No,High,8.99,Yes
STU1054,Female,20,IT,6,4.3,84.1,5,2,No,No,No,High,7.39,Yes
STU1055,Female,22,Electronics,6,5.4,91.2,5.2,0,No,Yes,No,Medium,8.21,Yes
STU1056,Male,20,Electronics,7,6.1,60.9,5.4,1,Yes,Yes,Yes,High,7.91,Yes
STU1057,Male,18,Electronics,8,4.8,66.3,7.8,0,Yes,No,No,Low,8.94,Yes
STU1058,Male,18,IT,5,2.1,80.8,6.3,1,No,Yes,No,Medium,7.6,Yes
STU1059,Male,22,IT,7,1.3,69.3,5.9,2,No,Yes,No,Low,6.8,No
STU1060,Male,19,Electronics,2,4.3,100,5.4,0,Yes,No,No,Medium,9.38,Yes
STU1061,Male,18,Electronics,4,3.7,84.2,7.9,0,No,Yes,No,Low,8.62,Yes
STU1062,Female,20,Electronics,2,4.2,77.1,8.3,1,No,Yes,Yes,Low,8.12,Yes
STU1063,Male,20,Mechanical,2,4,71.8,7.9,1,No,Yes,No,High,7.88,No
STU1064,Male,20,Computer Science,6,9.2,72.2,7.1,1,Yes,Yes,No,Medium,9.14,Yes
STU1065,Male,19,IT,3,1.3,78.4,6.8,3,Yes,No,No,High,5.25,No
STU1066,Male,18,Electronics,1,0,79.3,5,0,No,No,No,Low,6.42,No
STU1067,Female,22,Electronics,5,4.7,72.5,6.2,1,No,Yes,No,Medium,7.71,No
STU1068,Male,19,Computer Science,4,3.2,74.7,5.7,1,No,Yes,No,Low,7.01,No
STU1069,Female,20,Computer Science,2,4.6,94.1,4.3,2,No,Yes,No,Low,7.96,No
STU1070,Female,21,Electrical,5,5.2,94.6,7.8,2,No,Yes,No,Low,8.22,No
STU1071,Male,20,Electronics,2,6.6,81,5.7,1,No,Yes,No,Medium,8.9,Yes
STU1072,Male,19,Computer Science,8,1,61.9,7.9,1,Yes,Yes,No,Low,6.69,Yes
STU1073,Female,19,Electronics,6,2.9,84.5,7.6,0,No,Yes,No,Medium,8.8,Yes
STU1074,Female,20,Electronics,1,4.9,96.7,7.2,0,No,Yes,No,Medium,9,Yes
STU1075,Female,21,Computer Science,6,5.5,94.4,7.2,0,No,No,No,Low,9.78,Yes
STU1076,Female,22,Electronics,5,8.4,86.8,5.8,1,No,Yes,No,Medium,9.78,Yes
STU1077,Male,18,Mechanical,4,5.9,95.1,8.7,1,No,Yes,No,Medium,9.58,Yes
STU1078,Male,19,Mechanical,2,3.9,78.6,6.6,1,No,Yes,No,High,8.74,Yes
STU1079,Male,22,Electronics,1,2.2,85.5,6.9,1,Yes,Yes,No,Medium,7.67,Yes
STU1080,Female,21,Electronics,8,2.9,69.8,5.7,1,Yes,Yes,Yes,High,7.26,Yes
STU1081,Female,21,Electrical,6,2.8,81.5,5.4,0,Yes,Yes,No,High,7.94,No
STU1082,Male,19,Electronics,8,5.3,94,7.1,0,Yes,Yes,Yes,Medium,8.81,Yes
STU1083,Male,20,Computer Science,5,4.5,70.9,6.8,0,No,Yes,Yes,Medium,8.03,No
STU1084,Male,21,Computer Science,6,1.4,67.7,5.6,2,Yes,Yes,No,Low,6.67,No
STU1085,Male,20,Electronics,2,3.1,79.2,4.8,0,No,Yes,No,Medium,7.33,Yes
STU1086,Female,20,IT,2,5.8,75.3,5,1,No,Yes,Yes,Medium,9.25,Yes
STU1087,Female,18,Computer Science,8,4.7,85.8,7.9,0,No,Yes,No,High,8.66,Yes
STU1088,Female,20,Civil,4,5.1,72.6,5.8,0,No,Yes,No,Medium,10,Yes
STU1089,Male,19,Computer Science,1,4.8,98.6,6.1,1,Yes,Yes,No,High,8.04,Yes
STU1090,Male,20,Electronics,3,7.3,62.5,8.2,1,No,Yes,Yes,High,8.87,Yes
STU1091,Female,22,IT,6,4.5,93,5.2,0,Yes,Yes,No,High,8.48,Yes
STU1092,Female,19,Electronics,2,3.2,68.8,5.6,0,No,Yes,No,Medium,7.3,Yes
STU1093,Female,21,Mechanical,5,2.2,56.4,5.6,2,Yes,Yes,No,Low,6.82,No
STU1094,Female,19,Computer Science,6,4.5,80.9,8.4,0,No,Yes,No,Medium,7.95,Yes
STU1095,Male,20,Civil,4,0,74.9,8.9,1,Yes,Yes,No,Medium,6.04,Yes
STU1096,Male,22,Computer Science,4,3.6,64.7,7.4,1,Yes,Yes,No,Low,7.78,Yes
STU1097,Male,18,IT,2,3.6,57.8,7.4,1,No,Yes,No,Medium,7.73,No
STU1098,Male,18,Computer Science,2,1.3,77.9,5.8,0,No,Yes,No,Medium,6.47,No
STU1099,Male,20,IT,8,2.1,89.7,8.8,1,Yes,Yes,No,Low,7.82,Yes
STU1100,Male,18,Electronics,2,5.6,85,6.8,1,No,Yes,No,Medium,8.58,No
STU1101,Female,21,Civil,8,4.5,78.7,7.5,0,Yes,Yes,No,High,7.97,Yes
STU1102,Male,22,Electronics,7,4.2,83.7,6.4,1,Yes,Yes,Yes,Medium,7.49,Yes
STU1103,Male,20,Electrical,3,4.6,77.7,6.2,1,No,Yes,No,Medium,6.75,Yes
STU1104,Female,19,Computer Science,2,4.2,60.8,8.5,2,No,Yes,No,Low,8.14,No
STU1105,Male,20,Computer Science,6,6.5,60.9,7.1,0,No,Yes,No,Medium,9.46,Yes
STU1106,Male,21,Electronics,6,4.2,75.6,8.2,0,Yes,Yes,No,High,7.62,Yes
STU1107,Female,18,Computer Science,8,1.1,76.1,6.8,2,Yes,Yes,No,Medium,6.73,No
STU1108,Male,20,Computer Science,7,7.3,88.2,5.5,0,No,No,Yes,Medium,9.25,Yes
STU1109,Male,20,Electrical,7,4.7,87.1,5.8,0,Yes,Yes,No,Medium,9.23,Yes
STU1110,Male,20,Electrical,1,2.8,85.3,6.6,2,No,Yes,No,High,6.72,No
STU1111,Male,19,Electronics,5,1.5,74.6,5.7,0,Yes,Yes,Yes,Low,7.08,No
STU1112,Female,21,Electrical,2,4.8,61.4,5.2,0,No,Yes,No,Medium,7.99,Yes
STU1113,Female,18,Mechanical,8,3.8,82.9,7.9,0,Yes,Yes,No,Low,7.99,Yes
STU1114,Female,19,Computer Science,6,7.1,84.3,5.8,1,Yes,Yes,No,Medium,9.8,Yes
STU1115,Female,21,Civil,7,3.3,49.3,6.7,1,No,No,No,Medium,7.52,Yes
STU1116,Female,21,Civil,6,2.3,68,6.9,2,No,Yes,No,High,6.58,Yes
STU1117,Male,18,Electrical,6,5.8,69.7,5.8,1,No,Yes,No,Medium,8.83,Yes
STU1118,Female,19,Computer Science,7,5.9,79.4,8.2,0,No,Yes,Yes,Medium,8.09,No
STU1119,Male,19,Civil,3,4.3,68.4,5.2,0,No,Yes,No,High,7.4,Yes
STU1120,Female,19,Computer Science,7,5.4,77.5,6.8,0,No,Yes,Yes,Medium,9.06,Yes
STU1121,Female,19,Computer Science,7,3.9,75.5,6.8,1,No,Yes,No,Medium,8.16,Yes
STU1122,Male,18,Computer Science,5,4.5,76.1,6.4,0,No,Yes,No,Medium,8.58,Yes
STU1123,Male,20,Electrical,8,6.3,69.4,4.9,2,No,No,No,Medium,6.71,No
STU1124,Male,21,IT,8,5.3,70.3,7.5,1,No,Yes,No,Low,7.5,No
STU1125,Male,20,IT,7,3.7,65,7.4,1,No,Yes,No,Medium,7.71,Yes
STU1126,Female,20,Mechanical,4,6.7,82.6,5.7,0,No,Yes,No,Medium,10,No
STU1127,Female,18,Electronics,8,0,84.9,7.3,2,No,Yes,No,Low,6.79,Yes
STU1128,Male,22,Computer Science,8,8.1,68.8,6.9,0,Yes,No,No,High,10,Yes
STU1129,Male,21,Computer Science,8,0.6,96.2,5,0,Yes,Yes,Yes,Medium,7.59,Yes
STU1130,Male,21,Electronics,7,2.7,74.2,5.5,2,No,Yes,No,High,6.9,Yes
STU1131,Male,21,IT,6,3.9,96.4,7.9,1,Yes,Yes,Yes,Low,7.57,Yes
STU1132,Male,22,Mechanical,2,3.7,70.3,6.9,1,No,Yes,No,High,8.12,Yes
STU1133,Male,20,Computer Science,6,6,53.7,5.8,1,No,Yes,No,Medium,7.92,Yes
STU1134,Female,19,Computer Science,5,1.9,82.8,5.5,1,No,Yes,No,High,7.51,No
STU1135,Male,20,Computer Science,4,4.5,81,5.9,0,No,Yes,Yes,Medium,8.51,Yes
STU1136,Male,21,Electronics,7,2.8,78.4,6,0,Yes,Yes,No,Medium,8.02,Yes
STU1137,Female,21,Electrical,3,4.6,70.3,5.5,1,No,Yes,No,Medium,7.74,Yes
STU1138,Male,20,Mechanical,1,3.9,77.6,4.4,0,No,Yes,No,Medium,8.27,Yes
STU1139,Female,18,IT,7,4.2,71.9,7.9,1,Yes,Yes,No,High,8.4,Yes
STU1140,Female,19,Electronics,2,2.9,74.4,7.7,0,No,Yes,No,Low,7.13,No
STU1141,Male,22,Electronics,1,3,88.1,5,0,No,Yes,No,High,7.17,Yes
STU1142,Male,20,Computer Science,3,4.6,80.2,6.7,0,Yes,Yes,No,High,8.8,Yes
STU1143,Male,20,IT,5,5.9,85.3,5.4,0,No,Yes,No,Medium,9.91,Yes
STU1144,Male,19,IT,5,2.8,75.2,6.2,1,No,Yes,No,Low,8.31,Yes
STU1145,Male,19,Computer Science,3,2.3,73.9,6.1,0,Yes,Yes,No,High,6.85,No
STU1146,Female,21,Mechanical,6,5.2,64.2,6,0,No,Yes,No,Medium,8.16,No
STU1147,Male,20,Electronics,3,3.9,73.6,8.9,2,No,Yes,No,High,6.39,No
STU1148,Male,21,Mechanical,8,5.7,38.1,6,1,Yes,Yes,No,High,7.23,No
STU1149,Male,20,Electrical,8,2.2,70.9,5.5,2,No,No,No,Low,7.14,Yes
STU1150,Female,20,Mechanical,7,0.4,77,5.6,2,Yes,Yes,Yes,Medium,5.95,Yes
STU1151,Male,19,Mechanical,2,2.9,84.8,7.8,2,No,Yes,No,Medium,6.88,No
STU1152,Male,21,Computer Science,8,2.5,74.8,4.5,2,Yes,Yes,No,High,6.92,Yes
STU1153,Male,20,Computer Science,4,3.8,82.2,5.6,0,Yes,No,No,Low,7.78,Yes
STU1154,Female,20,Computer Science,7,2.7,51.8,8.2,3,No,Yes,No,Low,6.85,No
STU1155,Male,20,Computer Science,7,5.5,77.3,6.8,1,Yes,Yes,No,High,8.32,Yes
STU1156,Female,22,Civil,7,3.4,57.8,6.7,2,Yes,Yes,No,Low,6.44,Yes
STU1157,Female,18,Civil,1,4.3,63.5,9.1,0,No,Yes,No,Medium,8.58,Yes
STU1158,Male,21,Computer Science,1,4.3,75.8,6.8,2,No,Yes,No,Medium,7.92,Yes
STU1159,Female,19,IT,5,4.4,93.3,5.7,1,No,Yes,No,Medium,9.15,Yes
STU1160,Male,20,Computer Science,7,4,82.5,6.2,1,No,Yes,No,Medium,7.73,Yes
STU1161,Female,18,Electronics,6,5,78.2,5.1,0,No,Yes,No,Medium,9.22,Yes
STU1162,Female,19,Computer Science,8,2.4,77.8,8,0,No,Yes,No,High,7.86,Yes
STU1163,Male,20,Electronics,5,6.8,69.4,7.2,2,No,Yes,Yes,Low,7.76,No
STU1164,Male,18,Computer Science,2,3.5,71.5,7.8,1,Yes,Yes,No,Medium,7.08,No
STU1165,Female,20,Electronics,3,1.4,83.1,8,1,Yes,Yes,No,Medium,6.39,No
STU1166,Male,22,Electronics,1,4.4,61.4,6,2,No,Yes,No,Medium,6.62,No
STU1167,Male,18,Electrical,7,2.3,85.1,5.4,0,No,Yes,No,Medium,8.45,Yes
STU1168,Male,21,Computer Science,2,5.3,73.3,6.4,0,No,Yes,No,Low,9.07,Yes
STU1169,Female,20,Computer Science,5,8.4,87.9,5.5,0,No,No,No,High,9.23,Yes
STU1170,Female,20,Computer Science,5,2.4,89.5,6.7,0,Yes,Yes,No,Medium,6.92,Yes
STU1171,Male,19,Mechanical,1,4.7,57.9,7.9,0,Yes,Yes,No,Medium,7.53,Yes
STU1172,Male,19,Computer Science,5,0.5,71,6.3,0,No,Yes,No,Medium,6.44,No
STU1173,Male,19,IT,6,4.9,67.7,6.7,0,No,Yes,No,Low,8.22,Yes
STU1174,Female,18,Mechanical,5,2.2,56.2,6.4,1,Yes,Yes,No,Low,7.42,Yes
STU1175,Male,19,Mechanical,4,2.8,65.6,7.5,2,No,Yes,No,Low,6.34,No
STU1176,Female,20,Mechanical,8,1.8,100,5.7,1,Yes,Yes,Yes,Low,8.42,Yes
STU1177,Male,21,Computer Science,3,5.5,85.3,3.9,0,No,Yes,No,Low,7.82,No
STU1178,Female,21,Computer Science,5,6,100,7.1,0,No,Yes,No,Medium,9.25,Yes
STU1179,Male,20,Electronics,8,4,87.9,7.7,1,No,Yes,Yes,Medium,8.51,Yes
STU1180,Male,18,Mechanical,8,2.3,69.1,7,3,Yes,Yes,No,Medium,6.55,No
STU1181,Male,19,Computer Science,4,7.2,73.4,5.7,0,Yes,Yes,Yes,Low,9.07,Yes
STU1182,Female,19,Computer Science,2,2.5,85.1,5.1,0,Yes,No,No,High,8.43,Yes
STU1183,Female,19,Electrical,5,0,83.3,7.1,1,No,Yes,No,High,7.01,No
STU1184,Male,20,Computer Science,6,4.9,71.1,6.7,1,Yes,Yes,No,High,7.56,Yes
STU1185,Female,20,IT,2,1.8,59.9,6.3,1,Yes,No,Yes,Medium,6.83,No
STU1186,Female,19,IT,8,6,100,8.7,0,No,Yes,No,Medium,9.96,Yes
STU1187,Female,19,Computer Science,8,3.2,76.3,5.4,1,No,Yes,Yes,Low,7.05,Yes
STU1188,Male,21,Computer Science,7,5.2,74.1,8.6,2,No,Yes,No,High,8.75,Yes
STU1189,Male,21,Computer Science,5,6.8,79.4,6.5,0,No,Yes,No,Low,8.79,Yes
STU1190,Male,19,Civil,1,1.6,75.1,4.3,3,No,Yes,No,Medium,5.86,No
STU1191,Female,22,Mechanical,4,2.9,79.5,6.3,0,No,Yes,Yes,Medium,7.17,Yes
STU1192,Female,22,IT,4,3.8,93.4,7.7,1,No,Yes,Yes,Medium,8.15,Yes
STU1193,Female,19,Electrical,1,7.1,76.5,6.1,0,Yes,Yes,Yes,Medium,8.68,No
STU1194,Male,19,Civil,3,2.7,64,4.7,1,No,Yes,No,Low,6.78,No
STU1195,Male,20,Computer Science,8,2.8,76.1,6.3,1,No,Yes,No,Medium,6.37,Yes
STU1196,Female,22,Computer Science,7,5,72.4,5.5,0,No,Yes,No,High,8.95,No
STU1197,Female,21,IT,6,2.8,95.1,7.1,0,No,Yes,No,High,8.45,Yes
STU1198,Female,18,Computer Science,4,4.3,92.1,7.4,0,No,Yes,No,Medium,9.37,Yes
STU1199,Female,19,Computer Science,2,0.9,79.3,5.2,1,Yes,Yes,No,Medium,6.45,No
STU1200,Female,20,Civil,8,8.4,62.7,5.7,0,No,Yes,No,Low,10,No
STU1201,Male,20,Electronics,6,1.3,63.3,7.4,2,No,Yes,No,Low,6.11,Yes
STU1202,Male,19,Electrical,4,3.4,78.2,5.5,0,No,Yes,Yes,Low,8.1,Yes
STU1203,Female,21,Civil,7,3.9,82,5.2,0,Yes,No,No,Medium,9.53,Yes
STU1204,Female,20,Computer Science,3,7.8,73.5,5.1,0,No,Yes,No,Medium,9.16,Yes
STU1205,Male,21,Electrical,7,1.4,72.2,6.9,1,Yes,Yes,No,Medium,7.52,No
STU1206,Male,21,Computer Science,2,8,70.9,6.9,0,Yes,Yes,No,Low,9.85,Yes
STU1207,Female,21,Electronics,7,5.5,77.7,5.7,0,Yes,Yes,No,Medium,8.42,Yes
STU1208,Male,20,Electronics,6,4.8,49.4,6.5,0,Yes,No,No,Low,7.2,Yes
STU1209,Male,20,Computer Science,8,2,64.8,8.3,0,No,No,No,Medium,6.79,No
STU1210,Male,19,Electronics,2,5.1,70.5,5.3,1,No,Yes,Yes,Low,8.64,Yes
STU1211,Female,20,Computer Science,8,2.6,92.5,4.2,1,No,Yes,Yes,Medium,8.51,Yes
STU1212,Female,19,Electronics,1,6.5,68.2,7,0,No,Yes,No,Medium,9.04,Yes
STU1213,Male,20,Electronics,5,2.1,80.2,6.4,0,No,Yes,No,Low,7.75,No
STU1214,Female,19,IT,1,3.8,80.7,5.6,2,No,Yes,No,Low,7.69,No
STU1215,Male,18,IT,6,2.9,93.6,7.3,0,No,Yes,No,Medium,8.3,Yes
STU1216,Male,19,Computer Science,5,2,93.2,7.5,2,No,Yes,No,Low,7.6,Yes
STU1217,Female,18,Electronics,1,5.5,77.3,3.9,0,No,No,No,Medium,8.84,Yes
STU1218,Female,21,Electronics,5,5.1,72.3,5.7,0,No,No,Yes,Medium,8.6,Yes
STU1219,Female,21,Computer Science,4,6.4,70,9.3,1,No,Yes,No,Medium,8.19,Yes
STU1220,Female,20,IT,7,0.4,75.1,7.2,2,Yes,Yes,No,Medium,5.43,No
STU1221,Female,19,Civil,2,6.1,72.8,7.3,0,No,Yes,No,High,7.06,No
STU1222,Male,18,Computer Science,5,9,84.6,7.9,0,No,Yes,No,Medium,10,Yes
STU1223,Male,18,Electronics,4,3.1,83,6.5,0,No,Yes,No,High,7.98,Yes
STU1224,Male,19,Computer Science,7,7.8,85.1,7.5,1,Yes,Yes,No,Low,9.07,No
STU1225,Male,21,Mechanical,7,3.5,93.1,7.4,1,No,Yes,Yes,Medium,6.79,No
STU1226,Female,19,Computer Science,3,1.3,100,7.1,0,No,Yes,No,Medium,7.43,Yes
STU1227,Male,19,Electrical,8,3.4,79.5,6.1,0,No,Yes,Yes,High,7.62,Yes
STU1228,Female,18,IT,1,6.1,91.2,6.7,0,Yes,No,No,Low,8.82,Yes
STU1229,Female,19,Electronics,3,2.3,73.8,5.8,0,Yes,Yes,No,Low,7.77,Yes
STU1230,Female,20,Mechanical,8,2.8,92.2,6.5,0,No,Yes,No,Low,8.22,No
STU1231,Male,20,Electrical,8,5.2,90.7,5.1,1,No,Yes,No,High,7.57,No
STU1232,Female,19,Mechanical,6,4,90.1,5.6,0,Yes,Yes,No,Medium,7.7,Yes
STU1233,Male,18,Computer Science,4,5.2,79.1,6.2,0,Yes,Yes,No,High,7.93,No
STU1234,Male,19,Electronics,3,4.5,70,5.4,1,No,Yes,No,Low,8.83,No
STU1235,Female,19,IT,3,5,61.3,5.9,0,No,No,No,Low,9.17,Yes
STU1236,Male,19,Mechanical,8,3.1,77.5,6.3,0,No,Yes,No,Low,7.44,Yes
STU1237,Male,22,Civil,7,4.5,96.4,7,0,No,Yes,No,Medium,7.67,Yes
STU1238,Female,20,IT,4,2.1,74.3,7.6,0,No,Yes,No,High,7.68,Yes
STU1239,Male,20,IT,7,6.6,87.4,5.9,1,Yes,Yes,No,Medium,8.88,Yes
STU1240,Female,20,Electrical,2,2.7,88.1,8.1,1,No,Yes,No,High,7.8,Yes
STU1241,Female,20,Computer Science,5,6.3,74.6,7.6,0,Yes,Yes,No,Low,9.52,Yes
STU1242,Female,20,Mechanical,6,3.5,93.8,7.1,0,No,Yes,No,Medium,8.73,No
STU1243,Male,20,Civil,6,4.4,43.1,6.7,0,Yes,Yes,No,Medium,7.07,Yes
STU1244,Male,21,IT,1,3,63.3,6.9,1,No,Yes,Yes,Low,7.34,Yes
STU1245,Female,19,Mechanical,7,2,67,7.9,1,No,No,No,Low,7.45,Yes
STU1246,Male,20,Computer Science,5,0.5,68.2,8,1,Yes,Yes,No,Medium,6,No
STU1247,Female,20,IT,8,1.9,82,8.1,0,Yes,Yes,No,Low,7.89,Yes
STU1248,Female,21,Civil,1,3.4,81.5,6.5,0,Yes,Yes,No,High,7.81,Yes
STU1249,Female,20,Computer Science,6,4.4,82.7,7.2,1,No,Yes,Yes,High,9.25,Yes
STU1250,Male,20,Electronics,5,6,85.2,8.1,1,Yes,Yes,Yes,Medium,7.91,Yes
STU1251,Male,18,Computer Science,3,3.1,66.6,5.8,2,Yes,Yes,No,Medium,7.4,No
STU1252,Female,20,Electronics,2,2.2,63.4,6.1,0,No,Yes,No,Low,6.34,No
STU1253,Male,18,Computer Science,8,1.1,82.8,6.5,1,No,Yes,No,Low,7.94,Yes
STU1254,Male,19,Electronics,3,5,70.4,7.6,1,Yes,Yes,No,High,7.35,Yes
STU1255,Female,18,Mechanical,2,6.8,59.2,7.6,2,No,Yes,No,Medium,8.06,Yes
STU1256,Female,20,Mechanical,8,6.5,89.7,6.2,0,No,Yes,Yes,Medium,8.4,Yes
STU1257,Female,19,Civil,7,5.4,94.7,4.7,1,No,Yes,No,Medium,7.71,Yes
STU1258,Female,19,IT,4,5.3,96.7,6.8,0,Yes,Yes,No,Medium,9.67,Yes
STU1259,Male,21,Computer Science,1,7.4,80.2,5.4,1,No,Yes,No,Low,9.58,Yes
STU1260,Female,19,Computer Science,1,4.7,85.5,4.7,0,No,Yes,No,Medium,8.73,Yes
STU1261,Female,20,IT,4,5.3,94.4,5,1,No,Yes,Yes,Medium,8.94,Yes
STU1262,Male,20,Computer Science,5,3.4,70.3,6.9,2,No,Yes,No,High,7.57,Yes
STU1263,Male,18,Electrical,4,1.3,91.3,8.1,0,No,Yes,No,Medium,7.28,No
STU1264,Female,21,IT,7,2.6,81.3,6.5,1,No,Yes,No,Low,6.52,Yes
STU1265,Female,18,Mechanical,6,4,89,6.8,0,No,Yes,No,Low,8.51,Yes
STU1266,Female,20,Electrical,4,4.1,80.2,7.9,0,No,Yes,No,Medium,8.09,Yes
STU1267,Female,20,Computer Science,2,7.9,93.6,4.6,0,Yes,Yes,No,Medium,10,Yes
STU1268,Male,20,Electronics,6,4.2,80.7,7.1,0,Yes,Yes,Yes,Medium,8.77,Yes
STU1269,Male,20,Mechanical,4,6.4,60.2,6.5,2,No,Yes,No,Medium,7.36,Yes
STU1270,Female,19,Electronics,1,3.1,95.4,7.2,0,No,Yes,No,Medium,8.78,Yes
STU1271,Female,18,Electrical,3,3.4,66.6,5.9,1,No,Yes,Yes,Low,7.71,Yes
STU1272,Female,21,Computer Science,2,1.3,93,5.5,2,No,No,No,Medium,7.02,No
STU1273,Female,20,Mechanical,7,2.5,76.9,6.7,2,No,Yes,No,Low,6.5,No
STU1274,Male,21,Mechanical,2,5.1,92.1,8.5,1,Yes,Yes,Yes,Medium,9.02,Yes
STU1275,Male,21,Civil,8,4,91.6,7.5,0,Yes,Yes,No,Medium,8.92,Yes
STU1276,Female,21,Computer Science,5,5.9,83.2,5.9,1,No,No,No,Low,8.91,Yes
STU1277,Female,20,Electronics,3,4.4,84.1,4.9,0,No,Yes,No,Medium,9.47,Yes
STU1278,Female,19,IT,2,3.3,83.1,4.5,2,Yes,Yes,Yes,Medium,7.24,No
STU1279,Female,21,Computer Science,8,8.3,53.8,8.1,1,No,Yes,No,Low,8.52,Yes
STU1280,Female,20,IT,4,3.8,79.4,5.4,1,Yes,No,Yes,High,7.02,Yes
STU1281,Male,19,Mechanical,2,6.3,64.6,6.1,0,Yes,No,No,Low,9.48,Yes
STU1282,Male,21,IT,2,3.2,80.1,8.1,1,Yes,Yes,No,Medium,7.84,Yes
STU1283,Male,21,Civil,2,5.4,64.3,4.6,1,No,Yes,Yes,Low,8.91,Yes
STU1284,Female,20,Computer Science,5,5.9,63.8,8.3,2,Yes,Yes,Yes,High,6.54,No
STU1285,Male,18,Mechanical,2,4.4,97.3,6.2,0,Yes,Yes,Yes,High,9.34,Yes
STU1286,Male,19,IT,2,0,90.8,5.1,2,No,Yes,No,Medium,5.91,No
STU1287,Male,21,Electronics,5,4,78,6.2,0,No,No,Yes,High,8.06,Yes
STU1288,Male,22,Electrical,8,6.5,80.2,5.6,1,Yes,Yes,No,Low,8.2,Yes
STU1289,Female,19,Electronics,6,5.1,75,7,1,No,Yes,No,Low,8.67,Yes
STU1290,Male,18,Computer Science,3,4.9,84.8,5.7,0,Yes,Yes,No,Medium,9.06,Yes
STU1291,Male,21,Electronics,8,0.6,69.9,4.2,0,No,Yes,Yes,Medium,6.13,No
STU1292,Female,19,Electrical,7,2.6,89.9,6.2,1,No,Yes,No,Medium,7.62,Yes
STU1293,Male,20,Electronics,6,4.8,75,4.9,0,No,Yes,Yes,Medium,8.85,Yes
STU1294,Male,22,IT,1,4.8,73,6.7,0,Yes,Yes,No,Medium,8.58,Yes
STU1295,Male,18,IT,5,6.4,78.3,5.1,1,No,Yes,Yes,Medium,9.23,Yes
STU1296,Female,20,Electronics,5,3.7,70.9,5.9,2,No,Yes,Yes,Low,6.83,Yes
STU1297,Male,18,Computer Science,2,4.8,81.9,6.7,1,Yes,Yes,No,Low,6.8,No
STU1298,Female,19,Civil,2,4,71.6,6.2,0,Yes,No,No,Medium,8.25,Yes
STU1299,Male,21,Electronics,7,2,83.6,6.8,0,No,Yes,No,Medium,7.82,Yes
STU1300,Male,20,IT,1,0,92.6,7.3,1,No,Yes,No,Low,6.9,Yes
STU1301,Male,22,Electronics,2,4.9,69.4,5.1,1,Yes,Yes,No,Low,8.52,Yes
STU1302,Male,20,Electronics,4,4.3,76.4,6.4,1,No,Yes,No,Medium,6.68,No
STU1303,Female,19,IT,2,2.8,83.5,3,1,Yes,Yes,No,Low,7.16,Yes
STU1304,Female,19,Electronics,2,0.8,72.8,6.8,1,Yes,Yes,No,High,6.02,No
STU1305,Female,19,Electronics,4,5.3,83.6,6.1,0,No,Yes,Yes,Low,8.11,Yes
STU1306,Male,19,Electronics,1,3.5,84.7,5.3,2,Yes,Yes,No,Low,7.14,No
STU1307,Male,18,Electronics,4,5.1,91,6.9,0,No,Yes,No,Medium,9.37,Yes
STU1308,Female,19,Mechanical,5,7.7,70.7,7.9,1,Yes,Yes,No,High,9.18,Yes
STU1309,Male,20,IT,4,0,66.7,5.9,2,No,Yes,No,Medium,5.22,No
STU1310,Male,21,Electronics,3,2.6,74.3,5.4,2,No,Yes,No,Medium,6.58,No
STU1311,Male,20,Mechanical,5,3.6,66.4,6.7,1,No,Yes,No,Low,7.98,Yes
STU1312,Male,21,Civil,2,6.9,84.8,4.9,0,Yes,Yes,No,Medium,9.77,Yes
STU1313,Female,18,Computer Science,7,0.7,64.1,5.7,4,No,Yes,No,Low,4.48,No
STU1314,Female,19,Computer Science,5,7.9,100,8,0,Yes,Yes,No,Medium,9.79,Yes
STU1315,Female,20,Electrical,1,4.3,93.6,6.6,0,No,Yes,No,Medium,7.68,Yes
STU1316,Male,20,Civil,1,3.8,78.2,4.2,1,No,Yes,No,Low,7.35,Yes
STU1317,Male,18,Mechanical,4,3.6,88.4,4.3,0,Yes,Yes,No,Low,7.2,Yes
STU1318,Male,21,Mechanical,5,3.1,58.4,6.7,2,No,Yes,No,Medium,7.83,Yes
STU1319,Male,21,Computer Science,2,6.1,100,7.5,0,Yes,Yes,No,Medium,9,Yes
STU1320,Male,20,Mechanical,1,1.9,70.9,4.6,2,Yes,Yes,No,High,6.98,No
STU1321,Female,18,Mechanical,6,4.7,76.6,7,1,Yes,No,No,Low,9.12,Yes
STU1322,Female,21,Mechanical,2,3.2,55.7,8.1,2,No,Yes,No,Medium,6.77,No
STU1323,Male,20,Electronics,6,2.5,83.8,8.8,1,No,Yes,No,Low,7.43,No
STU1324,Female,21,Computer Science,3,9.2,64.7,6.9,1,Yes,Yes,No,Low,8.57,Yes
STU1325,Female,21,Computer Science,6,4.8,79.2,7.1,0,No,Yes,No,Medium,8.32,No
STU1326,Female,21,Electrical,8,5.2,71.5,3.9,0,Yes,Yes,No,High,9.41,Yes
STU1327,Female,20,Electronics,1,6.3,65.1,9,1,Yes,Yes,No,Medium,8.67,Yes
STU1328,Male,18,Electronics,4,1.2,68.3,5.8,1,No,Yes,No,Medium,6.59,No
STU1329,Male,20,Computer Science,3,7.5,80.7,5.4,0,No,Yes,No,Medium,10,Yes
STU1330,Male,20,Computer Science,5,0,62.6,6.2,0,Yes,Yes,Yes,Medium,6.98,Yes
STU1331,Female,21,Civil,2,2.5,69,8.3,0,Yes,Yes,Yes,High,7.58,Yes
STU1332,Male,19,Mechanical,1,3.1,86,9.1,1,No,Yes,Yes,Medium,7.89,Yes
STU1333,Male,19,Mechanical,3,5.2,100,6.7,1,Yes,Yes,Yes,Medium,8.19,Yes
STU1334,Male,21,Computer Science,3,4.4,83.7,7.7,0,Yes,Yes,No,Medium,8.26,Yes
STU1335,Male,21,Civil,8,3.7,67,6.6,2,No,Yes,No,Medium,6.84,No
STU1336,Female,22,Computer Science,1,4,73.6,5.3,0,No,Yes,Yes,High,8.47,Yes
STU1337,Female,21,Computer Science,5,2,78.4,8.3,1,No,Yes,No,Low,6.43,Yes
STU1338,Male,20,Electronics,5,1,73.8,5.8,1,No,Yes,No,Low,6.66,No
STU1339,Male,20,Computer Science,4,5.5,88.8,8.3,1,Yes,Yes,No,High,8.38,Yes
STU1340,Male,21,Computer Science,7,5.4,80.6,8.1,0,No,Yes,No,High,8.37,Yes
STU1341,Male,20,Mechanical,6,7.2,88.9,7.2,0,Yes,No,No,Medium,9.43,Yes
STU1342,Male,20,Civil,5,2.4,74.2,8.7,2,No,Yes,No,Low,5.37,No
STU1343,Male,19,IT,8,5.4,93.9,9.2,0,No,Yes,No,Medium,8.77,Yes
STU1344,Male,20,Electronics,4,3.4,76,6.3,2,No,Yes,No,Low,6.37,Yes
STU1345,Female,21,Computer Science,6,6.4,66.3,5.5,1,No,Yes,No,Medium,8.17,Yes
STU1346,Female,19,Computer Science,3,6,100,4.3,0,No,Yes,No,Low,7.95,Yes
STU1347,Male,19,Electrical,1,4.4,56.1,9.2,1,Yes,Yes,No,Medium,7.74,No
STU1348,Male,19,Mechanical,5,3.3,69.1,6,0,No,Yes,No,Low,8.38,Yes
STU1349,Female,19,Civil,4,5.9,70.5,7.9,1,No,Yes,No,Medium,8.3,Yes
STU1350,Male,19,Computer Science,3,5.3,100,5.6,2,No,Yes,No,Medium,8.43,Yes
STU1351,Female,20,Mechanical,5,2.6,99.7,8.3,0,Yes,Yes,No,Medium,8.01,Yes
STU1352,Female,22,Computer Science,2,1.3,95.9,5.7,1,Yes,Yes,No,Low,6.23,Yes
STU1353,Male,20,Mechanical,7,3.4,74,5.1,1,Yes,Yes,No,Low,7.43,Yes
STU1354,Male,19,Electrical,3,7,100,6.2,0,Yes,Yes,Yes,Medium,10,Yes
STU1355,Female,18,Electrical,8,6.3,82.4,5.9,0,No,Yes,Yes,Medium,8.35,Yes
STU1356,Male,20,Mechanical,8,1.8,89.7,7.2,1,Yes,Yes,Yes,Medium,7,Yes
STU1357,Female,19,Electronics,5,1.7,80.2,6.4,3,Yes,No,Yes,Low,5.87,No
STU1358,Female,21,Electrical,8,6.5,77.4,7.3,0,No,Yes,No,Medium,10,Yes
STU1359,Female,20,Civil,3,1.7,75,6.2,1,No,Yes,Yes,Medium,7.04,Yes
STU1360,Male,21,Computer Science,1,5,75.5,5.7,1,No,No,No,Medium,6.9,No
STU1361,Female,19,Electronics,1,2.8,85.3,5.8,1,No,Yes,No,Medium,6.18,No
STU1362,Male,20,Computer Science,7,7.2,82.4,9,1,Yes,No,No,High,9.56,Yes
STU1363,Male,19,Electronics,1,2.5,77.6,6.8,1,Yes,Yes,Yes,Medium,8.76,Yes
STU1364,Female,22,Electronics,6,6.3,96.1,4.1,0,Yes,Yes,No,High,9.16,Yes
STU1365,Male,20,Mechanical,2,4.4,42.4,5.9,2,No,Yes,Yes,Medium,6.48,No
STU1366,Female,19,Electronics,1,4.5,84.1,6.6,1,Yes,Yes,No,High,8.35,Yes
STU1367,Female,19,Computer Science,8,0.1,86.6,8.7,0,No,No,No,Low,6.72,No
STU1368,Male,19,Mechanical,2,0,91.8,7.7,1,Yes,Yes,No,Medium,5.19,No
STU1369,Male,20,IT,1,3.6,77.2,5.4,1,No,Yes,Yes,Medium,8.2,Yes
STU1370,Male,19,Civil,6,4.5,80.5,9.4,2,No,Yes,No,Medium,7.29,No
STU1371,Male,20,Electronics,8,1.7,89.8,6.5,2,No,Yes,No,Medium,7.35,Yes
STU1372,Male,19,Electrical,3,1.8,95.9,8,2,No,Yes,No,Low,6.49,No
STU1373,Female,20,Electrical,5,5.1,74.4,5.1,0,No,Yes,No,High,8.6,Yes
STU1374,Male,21,Computer Science,5,5.1,81.2,3.6,2,No,Yes,No,Medium,8.1,Yes
STU1375,Male,21,Computer Science,1,3.7,98.1,4.8,1,No,Yes,No,High,8.64,Yes
STU1376,Female,21,Civil,5,5.6,52.5,3,0,No,Yes,No,Low,8.3,No
STU1377,Male,19,IT,1,1.7,69.7,9,1,No,Yes,Yes,Medium,7.05,Yes
STU1378,Female,18,Electrical,1,3.3,95.6,6.8,0,Yes,Yes,Yes,Medium,8.78,Yes
STU1379,Male,20,IT,8,7.3,91.1,5.4,0,No,No,No,Medium,9.93,Yes
STU1380,Male,19,Mechanical,7,4.1,84.3,7,0,Yes,Yes,Yes,Medium,7.7,Yes
STU1381,Female,20,Mechanical,4,4.3,72.6,6.7,0,Yes,Yes,No,Low,7.53,Yes
STU1382,Female,18,Computer Science,4,8.6,67.4,7.2,0,No,Yes,Yes,Low,8.45,No
STU1383,Female,19,Computer Science,7,1.2,70.9,8,1,Yes,No,No,Medium,7.2,Yes
STU1384,Female,18,Electronics,4,5.6,96.6,6.2,0,Yes,Yes,No,Medium,8.96,Yes
STU1385,Female,21,Mechanical,2,7.3,70.5,5.4,1,Yes,Yes,No,Low,9.23,Yes
STU1386,Male,19,Mechanical,4,3.4,79.2,7.5,0,No,No,No,Medium,8.39,Yes
STU1387,Male,20,Civil,1,5.7,69,7.5,2,No,Yes,No,Medium,7.15,Yes
STU1388,Female,18,Computer Science,6,2,88.1,6.6,2,No,Yes,No,Medium,6.72,Yes
STU1389,Female,20,Mechanical,6,2.6,71.5,9.1,2,No,Yes,No,Low,6.52,Yes
STU1390,Female,19,Computer Science,3,4.8,76.8,6,1,No,Yes,No,Medium,7.65,Yes
STU1391,Male,21,Electronics,8,5.6,57.8,5.4,0,Yes,Yes,No,Medium,8.94,No
STU1392,Male,21,IT,4,6.2,58.6,7,0,Yes,Yes,No,Medium,10,Yes
STU1393,Female,19,Civil,6,7.1,78.1,5.7,0,No,Yes,No,High,10,Yes
STU1394,Male,22,Electrical,4,3.9,62.1,7.1,3,Yes,Yes,No,Medium,6.45,No
STU1395,Female,22,Computer Science,8,6.4,100,5.5,0,Yes,No,No,Medium,10,Yes
STU1396,Female,21,Electronics,3,3.3,53.3,6,1,No,Yes,No,Low,8.05,Yes
STU1397,Male,21,Electronics,6,5.8,68.4,8.8,1,No,Yes,No,Medium,7.5,No
STU1398,Female,19,Electronics,1,4.4,78.2,6,2,Yes,No,No,Low,8.14,Yes
STU1399,Female,20,IT,2,4.9,73.6,5.5,1,No,Yes,No,High,8.42,Yes
STU1400,Male,18,Civil,7,4.8,64.8,7.9,1,No,Yes,No,High,8.58,Yes
STU1401,Female,18,IT,7,0.8,66.5,5.2,1,No,Yes,No,Medium,6.86,No
STU1402,Male,22,Computer Science,7,1.8,66.1,5.7,1,No,Yes,No,Low,6.6,Yes
STU1403,Female,19,IT,4,4.2,74.6,7.2,0,Yes,Yes,No,Low,9.54,Yes
STU1404,Male,21,Computer Science,6,0.6,100,7.6,2,No,Yes,Yes,High,6.79,Yes
STU1405,Female,21,IT,8,5.7,78.9,8,1,No,Yes,No,High,8.21,Yes
STU1406,Male,21,Electronics,8,5.7,92.2,5.6,0,No,Yes,No,Low,9.42,Yes
STU1407,Male,22,Electronics,6,4.7,84.1,7.2,2,No,Yes,No,Medium,8.27,Yes
STU1408,Female,19,Mechanical,3,1.8,91.4,5.9,1,No,Yes,Yes,Low,7.31,Yes
STU1409,Male,18,Electrical,1,6.8,44.4,5.8,2,No,Yes,Yes,Low,7.79,Yes
STU1410,Male,20,Computer Science,5,8.1,74.3,7.9,1,Yes,Yes,Yes,Low,9.27,Yes
STU1411,Female,18,Electronics,6,4.3,93.7,5.8,1,No,Yes,No,Medium,7.77,Yes
STU1412,Female,18,IT,2,5,71.1,6.8,0,No,No,No,Low,8.02,No
STU1413,Female,19,Electronics,3,4.4,99.1,6.7,0,No,No,Yes,Low,8.02,Yes
STU1414,Female,21,Computer Science,6,5.1,95.8,5.2,1,No,Yes,No,Low,9.37,Yes
STU1415,Male,20,Electronics,6,3.8,72.4,7.7,2,Yes,No,No,Medium,7.03,No
STU1416,Male,19,Electronics,3,3.9,72,7.2,1,Yes,No,No,Medium,5.61,No
STU1417,Male,20,Electrical,3,5.8,65.8,4.1,0,No,Yes,No,Low,8.79,Yes
STU1418,Female,19,IT,4,8.7,70.4,6.8,0,Yes,Yes,No,High,10,Yes
STU1419,Female,18,Mechanical,6,1.2,63.2,5.6,3,Yes,No,Yes,Low,4.34,No
STU1420,Female,21,Electrical,5,3.8,83.1,7.8,0,No,Yes,No,Medium,7.88,No
STU1421,Female,20,Electronics,2,1.6,60.5,4.8,0,No,Yes,No,Low,6.48,No
STU1422,Male,21,Computer Science,1,7.2,85.2,6.1,1,No,Yes,No,Low,8.58,Yes
STU1423,Male,18,Computer Science,1,2.8,85.5,6.9,0,No,Yes,No,Low,8.76,No
STU1424,Male,21,Electronics,5,1.1,58.1,6.6,2,No,Yes,No,Low,5.79,No
STU1425,Male,20,Computer Science,8,5.3,96.6,7.4,0,No,Yes,No,High,8.9,Yes
STU1426,Male,20,Electrical,3,7.5,84.2,4.7,0,Yes,Yes,No,Medium,10,Yes
STU1427,Female,20,IT,3,5.3,87,8.5,0,Yes,Yes,Yes,High,9.32,Yes
STU1428,Male,21,Computer Science,8,4.4,68.9,7.1,1,No,No,No,Low,6.73,No
STU1429,Male,20,Mechanical,3,4.8,85.5,8.1,0,No,Yes,No,Medium,8.43,Yes
STU1430,Male,20,Civil,8,6.8,91.5,7.5,0,Yes,Yes,No,Low,9.78,Yes
STU1431,Female,22,Electrical,6,2.3,76.8,6.5,1,Yes,Yes,No,Medium,6.61,No
STU1432,Female,21,IT,8,3.8,100,5,1,No,Yes,No,High,9.3,Yes
STU1433,Male,20,Mechanical,3,3.1,78.5,5.8,0,No,No,Yes,High,8.01,No
STU1434,Male,21,IT,3,1.7,91.7,8.4,2,No,Yes,Yes,Low,6.4,No
STU1435,Female,19,Mechanical,6,3.3,81.5,8.2,1,No,Yes,No,Medium,7.02,Yes
STU1436,Male,19,Mechanical,8,6.2,85,5.8,0,No,Yes,No,Low,9.72,Yes
STU1437,Female,20,Computer Science,6,5.1,57.9,3.1,0,No,Yes,Yes,Low,7.71,Yes
STU1438,Female,22,Computer Science,5,5.3,82.5,6.2,1,Yes,Yes,No,Low,8.54,Yes
STU1439,Male,22,Mechanical,4,4.3,69.2,6.2,0,No,Yes,No,Low,7.51,No
STU1440,Male,19,Computer Science,6,5,67.8,6.2,0,No,Yes,No,Medium,8.46,Yes
STU1441,Female,20,Computer Science,2,2.4,98.9,7.1,0,Yes,Yes,No,Medium,7.79,Yes
STU1442,Male,19,Civil,3,3.4,75.4,7.6,1,Yes,No,Yes,Medium,7.39,Yes
STU1443,Male,22,Computer Science,4,4.4,66,7.7,1,No,Yes,No,Medium,7.27,Yes
STU1444,Female,22,Mechanical,1,4.6,73.7,7,0,No,Yes,No,Low,9.05,Yes
STU1445,Female,20,Mechanical,5,4.6,62.4,4.3,1,No,Yes,Yes,Low,7.28,Yes
STU1446,Female,21,Electrical,8,3.7,95.2,6.1,1,Yes,Yes,No,Medium,7.92,No
STU1447,Female,21,Electronics,4,3.2,69.7,9.3,0,No,Yes,No,Medium,7.92,No
STU1448,Male,20,Computer Science,6,10.3,84.4,6.9,1,No,No,No,Low,10,Yes
STU1449,Male,18,Mechanical,3,5.8,94.3,6.9,0,Yes,Yes,No,High,9.8,Yes
STU1450,Female,20,IT,3,4.8,72,6.9,2,No,Yes,No,Medium,7.94,No
STU1451,Female,20,Electrical,3,3.5,84.4,7,0,Yes,Yes,No,Medium,7.32,No
STU1452,Male,20,Electronics,4,3.1,65.6,3.6,3,No,Yes,No,Medium,5.68,No
STU1453,Female,19,Electronics,3,3.7,100,6.2,1,No,Yes,No,Medium,8.82,Yes
STU1454,Male,22,Electrical,6,4.6,89.2,6.5,1,No,Yes,Yes,Medium,7.52,Yes
STU1455,Male,19,Computer Science,8,0.2,75.7,8,1,No,Yes,Yes,Medium,6.53,Yes
STU1456,Male,20,Mechanical,4,0.9,68.7,6.6,0,No,Yes,Yes,Low,6.38,No
STU1457,Male,20,Electronics,3,2.7,76.6,4.5,2,No,Yes,No,High,6.12,No
STU1458,Male,20,Computer Science,1,4.4,73.9,7,1,No,Yes,No,Medium,8.88,Yes
STU1459,Male,20,Electronics,1,3.5,100,5.5,0,Yes,Yes,No,Medium,8.93,Yes
STU1460,Male,19,Computer Science,2,7,63.3,5,0,No,Yes,No,Medium,9.56,Yes
STU1461,Female,19,Civil,3,1,79.6,5.5,0,Yes,Yes,No,Medium,7.69,No
STU1462,Female,20,Electrical,3,2.5,77.8,7.2,1,Yes,Yes,No,Low,7.21,No
STU1463,Female,20,Computer Science,4,7,76.6,8,1,Yes,Yes,No,Medium,8.47,Yes
STU1464,Female,19,IT,4,4.3,76.7,7.1,1,Yes,Yes,No,Medium,7.65,Yes
STU1465,Male,21,Computer Science,7,5.8,76.6,7.3,0,No,Yes,No,Low,8.81,Yes
STU1466,Male,20,Mechanical,8,8.1,88.5,7.1,0,No,Yes,Yes,Low,10,Yes
STU1467,Female,20,Computer Science,3,2.6,85.3,6.6,1,Yes,Yes,No,High,6.64,No
STU1468,Male,21,Electrical,2,3.8,83,7.3,0,No,Yes,Yes,High,8.02,Yes
STU1469,Female,19,IT,8,3.5,41.6,3.6,0,No,No,Yes,Medium,6.69,Yes
STU1470,Male,18,Civil,3,0.1,81.6,6.6,0,No,Yes,No,Medium,7.63,Yes
STU1471,Female,21,IT,8,3.4,58.1,5.2,2,Yes,No,No,High,7.72,Yes
STU1472,Male,20,Mechanical,6,5.8,85.8,7.9,1,Yes,Yes,Yes,Low,8.83,Yes
STU1473,Female,20,Electrical,4,5.1,95.7,6.3,3,Yes,Yes,No,Medium,7.75,No
STU1474,Male,21,Civil,3,5.2,66.9,6.5,0,Yes,Yes,No,Medium,8.54,No
STU1475,Female,21,Electrical,8,3.2,74.9,4.7,2,No,Yes,No,Medium,7.12,No
STU1476,Male,22,Mechanical,4,2.7,70.8,7.7,1,No,Yes,Yes,Low,7.71,Yes
STU1477,Female,20,Computer Science,3,6.5,92.8,7.3,0,Yes,Yes,No,Medium,9.75,Yes
STU1478,Female,20,Mechanical,5,3,79.1,7.2,0,Yes,Yes,No,Medium,8.29,Yes
STU1479,Male,20,Computer Science,4,4.6,98.7,5.5,1,Yes,Yes,No,High,8.82,Yes
STU1480,Female,19,Mechanical,8,4.3,83,5.6,2,No,No,No,Medium,6.38,No
STU1481,Female,20,Electronics,2,6.9,80.9,6.8,0,Yes,Yes,Yes,High,9.37,Yes
STU1482,Male,19,Mechanical,5,5.9,78.8,5.7,0,No,Yes,No,High,9.11,Yes
STU1483,Female,22,Computer Science,6,1.4,87.8,7,1,No,No,No,Medium,7.35,Yes
STU1484,Female,20,Computer Science,3,1.6,57.1,3.9,3,Yes,Yes,No,Low,5.29,No
STU1485,Female,20,Electronics,7,5.2,79,5.9,1,No,Yes,Yes,Medium,8.29,Yes
STU1486,Male,19,Electrical,6,3.9,77.2,8.7,0,No,Yes,Yes,High,7.91,Yes
STU1487,Male,18,Electronics,4,3.1,86.7,7,0,No,Yes,No,Low,7.1,No
STU1488,Female,18,Electronics,5,6,75.7,6.7,0,No,Yes,No,Medium,9.54,Yes
STU1489,Female,20,Civil,6,4.4,65.5,8.9,2,No,Yes,No,Low,6.61,No
STU1490,Male,18,Mechanical,2,4.1,78.1,3.7,1,Yes,Yes,No,Low,7.59,Yes
STU1491,Female,20,Computer Science,7,5.6,65,5.5,1,Yes,No,No,Medium,7.59,Yes
STU1492,Male,21,Electronics,4,3.2,54.9,6,0,No,Yes,Yes,Medium,8.47,Yes
STU1493,Male,21,Computer Science,5,7.1,86.7,7.5,1,No,Yes,No,Medium,9.05,Yes
STU1494,Male,20,Electrical,6,2.4,84.9,7.6,1,Yes,Yes,No,High,7.23,No
STU1495,Male,19,Computer Science,5,5.3,83.6,5.5,2,No,Yes,No,Low,8.25,Yes
STU1496,Female,21,Electronics,5,6.9,93.6,7.7,0,No,Yes,Yes,Low,10,Yes
STU1497,Male,21,Computer Science,6,1.2,70,6,2,Yes,Yes,No,High,6.36,No
STU1498,Female,19,Computer Science,1,3.3,60.8,8,2,No,Yes,No,Medium,6.54,No
STU1499,Female,21,IT,3,6.3,77.2,5.3,0,No,Yes,No,Low,9.43,Yes
STU1500,Female,19,Computer Science,8,6.3,73.8,6.4,2,No,No,No,Medium,7.06,No
STU1501,Male,21,Computer Science,4,3.7,67.9,5.9,0,No,Yes,No,High,7.98,Yes
STU1502,Male,22,Electronics,4,2.5,77,7.8,1,Yes,Yes,No,Medium,8.5,Yes
STU1503,Female,18,Computer Science,7,5.9,70.7,5.9,2,No,No,No,Medium,7.87,Yes
STU1504,Female,21,Computer Science,7,6.4,56,6.4,0,No,Yes,No,Low,8.74,Yes
STU1505,Male,20,IT,7,1.7,72.7,7.1,1,No,Yes,No,Low,6.92,No
STU1506,Female,22,IT,4,1.6,64.4,7.2,1,Yes,Yes,No,High,6.47,No
STU1507,Female,20,Electrical,5,4.5,80.8,7.6,1,No,Yes,No,Medium,8.26,Yes
STU1508,Female,21,IT,7,5.3,70.1,6.8,2,No,Yes,No,Low,8.06,No
STU1509,Female,18,Civil,6,3.4,91.3,6,1,Yes,Yes,No,Medium,7.62,Yes
STU1510,Female,19,Computer Science,3,5.4,97.2,6.1,1,No,Yes,Yes,Medium,7.14,No
STU1511,Male,18,IT,2,2.6,86.2,6.5,0,No,Yes,No,Low,8.24,Yes
STU1512,Female,22,IT,4,0,59.4,6.8,0,Yes,Yes,No,Medium,7.81,No
STU1513,Female,21,IT,6,3.2,96.1,6.3,0,No,Yes,No,Low,8.13,Yes
STU1514,Male,21,Mechanical,3,4.1,96.9,6.5,1,Yes,Yes,No,Medium,7.32,Yes
STU1515,Male,22,Computer Science,3,3.4,78.2,4.7,0,Yes,Yes,No,Medium,8.4,Yes
STU1516,Male,18,IT,1,1.7,93.9,7.3,1,Yes,Yes,No,Low,8.38,Yes
STU1517,Female,19,Civil,8,0.4,71.4,6.7,1,Yes,No,No,Low,6.72,No
STU1518,Female,18,Electrical,6,3,55.6,7.7,2,Yes,Yes,No,High,7.58,No
STU1519,Male,19,Computer Science,4,5.8,68.9,6.5,0,No,Yes,No,Medium,9.21,Yes
STU1520,Female,19,Computer Science,7,6.5,98.8,4.4,0,Yes,Yes,No,Medium,9.9,Yes
STU1521,Male,20,Computer Science,5,6.4,60.1,6.1,1,No,Yes,Yes,Low,7.94,Yes
STU1522,Female,19,IT,7,2.4,78,6.3,2,No,Yes,No,Medium,6.89,No
STU1523,Female,18,Computer Science,3,1.7,78.4,7.4,1,No,Yes,No,Medium,7.02,No
STU1524,Female,19,Computer Science,3,5,71.8,4,1,No,Yes,No,Low,7.85,Yes
STU1525,Male,18,Electrical,2,5.3,72.7,6.5,2,No,Yes,No,Medium,7.48,No
STU1526,Male,22,Computer Science,7,4.8,78.9,7.1,1,No,No,No,Medium,8.25,Yes
STU1527,Male,21,IT,8,0,71.3,5.7,0,Yes,Yes,No,Medium,5.93,No
STU1528,Male,22,Electronics,8,2.3,60.9,6.6,2,No,Yes,No,Low,6.84,Yes
STU1529,Female,20,IT,1,3.9,80.6,5.7,1,No,Yes,Yes,Low,7.24,Yes
STU1530,Female,19,Mechanical,8,5,90.9,5.6,0,Yes,Yes,Yes,High,8.7,Yes
STU1531,Female,21,Electrical,3,5.5,88.4,6,1,No,Yes,No,High,8.69,Yes
STU1532,Female,19,Electrical,3,4.3,68.3,5.6,2,No,Yes,No,Medium,6.59,Yes
STU1533,Female,19,Computer Science,8,4.7,63,7.3,3,Yes,Yes,Yes,Medium,5.59,No
STU1534,Female,19,Computer Science,5,4.2,74.6,5.6,2,No,Yes,No,Medium,7.01,Yes
STU1535,Female,18,Computer Science,5,5.4,96.8,5.4,0,No,Yes,No,Low,8.24,Yes
STU1536,Female,19,Civil,8,4.6,85.7,8.6,0,No,Yes,No,Low,9.18,Yes
STU1537,Male,19,IT,2,4.1,86.4,7.7,0,No,Yes,No,Medium,7.86,Yes
STU1538,Male,20,Electronics,6,3.5,88.7,4.3,0,No,Yes,No,Medium,9.11,Yes
STU1539,Male,18,Mechanical,2,4.2,83,5.6,2,Yes,No,Yes,Medium,7.41,Yes
STU1540,Female,19,Computer Science,2,5,79.4,6.8,0,No,Yes,No,High,8.71,Yes
STU1541,Female,21,IT,8,4.5,85.9,6.9,1,Yes,Yes,No,Medium,6.95,Yes
STU1542,Male,18,Electrical,5,4.8,71.4,4.7,1,No,Yes,No,High,7.93,Yes
STU1543,Female,19,Computer Science,7,6.7,61,7.9,1,Yes,Yes,No,High,8.41,Yes
STU1544,Female,21,Electronics,7,4.5,86.7,7.5,0,Yes,Yes,No,High,7.9,Yes
STU1545,Male,19,Computer Science,8,2.7,92.9,7.1,0,No,Yes,No,Medium,8.21,Yes
STU1546,Male,18,Mechanical,7,5.8,64.6,8.1,0,No,Yes,No,Low,8.49,Yes
STU1547,Female,20,Mechanical,6,1.3,87.9,7,0,Yes,Yes,No,Medium,7.43,Yes
STU1548,Male,19,Computer Science,5,1.8,98.2,7,3,No,No,No,Medium,6.46,No
STU1549,Female,20,Electronics,8,4.7,78,8.4,1,No,Yes,No,Medium,7.84,Yes
STU1550,Male,21,Electronics,1,5,68.2,7.8,1,Yes,Yes,No,High,8.15,No
STU1551,Female,18,Mechanical,4,1.5,79.5,5.5,2,Yes,Yes,Yes,High,6.34,Yes
STU1552,Female,20,Mechanical,4,3.2,71.4,7.3,0,No,Yes,No,Medium,8.2,Yes
STU1553,Female,20,Computer Science,8,2.8,70.6,5.7,1,No,Yes,Yes,Medium,6.86,Yes
STU1554,Female,18,IT,8,3,83.2,7.1,0,Yes,Yes,No,High,7.43,Yes
STU1555,Male,20,Civil,1,5.9,58.8,7.1,1,No,Yes,No,Low,7.67,Yes
STU1556,Male,19,Electronics,7,5.4,60.7,4.8,1,No,Yes,No,Low,8.71,Yes
STU1557,Male,20,Computer Science,4,4,78.2,6.4,0,Yes,Yes,No,High,8.86,Yes
STU1558,Female,18,IT,6,2.9,77.7,6.8,0,Yes,Yes,No,Medium,8.64,Yes
STU1559,Female,20,Electrical,8,1.3,82.1,6,1,Yes,Yes,Yes,Medium,7.67,Yes
STU1560,Female,19,Computer Science,5,6.8,100,6.9,1,No,Yes,No,High,8.95,Yes
STU1561,Male,21,Electronics,4,5.2,79.3,7.5,0,Yes,Yes,No,Medium,8.96,Yes
STU1562,Male,18,Computer Science,6,2.6,85.2,6.5,1,Yes,Yes,No,Medium,7.48,Yes
STU1563,Male,20,Mechanical,5,5.4,66.3,6.8,1,No,Yes,No,Medium,8.45,Yes
STU1564,Male,20,Computer Science,8,3.9,87.2,8.2,1,Yes,Yes,No,Low,7.85,Yes
STU1565,Female,21,Electronics,6,3.4,71.7,7.1,1,No,Yes,Yes,Low,7.53,No
STU1566,Male,20,Civil,1,4.9,78.9,6.7,0,Yes,Yes,No,High,8.67,Yes
STU1567,Male,20,Mechanical,8,2.5,76.7,5.4,1,No,Yes,No,Low,7.5,Yes
STU1568,Female,21,Electronics,2,3.3,90.4,7.3,2,Yes,No,Yes,Low,7.72,Yes
STU1569,Male,21,Electronics,1,4.2,62.3,6.9,1,Yes,Yes,No,Medium,7.62,Yes
STU1570,Male,19,Mechanical,4,3,50.6,8,1,No,Yes,No,Low,7.04,Yes
STU1571,Female,20,Computer Science,5,5.3,75.4,6.6,1,No,Yes,Yes,High,8.33,Yes
STU1572,Male,21,Computer Science,6,7.7,83.6,4.3,0,No,Yes,No,Low,10,Yes
STU1573,Female,22,IT,4,2.5,79.8,4.5,1,No,Yes,No,Medium,6.16,No
STU1574,Female,21,Computer Science,4,0.7,92.8,7.4,2,No,Yes,No,Medium,5.89,No
STU1575,Female,19,Civil,8,0,83.2,5.8,0,No,Yes,No,High,7.36,No
STU1576,Male,19,Electrical,2,3.7,71.2,7,2,No,Yes,No,Medium,7.23,No
STU1577,Female,20,Computer Science,7,2.7,50.1,6.6,0,No,Yes,Yes,Medium,7.43,No
STU1578,Male,21,Electronics,4,4.4,75.2,6.3,0,No,No,No,High,8.76,Yes
STU1579,Male,20,Mechanical,2,4.3,90.3,6.4,1,No,Yes,No,Low,8.26,Yes
STU1580,Male,20,IT,5,0.8,73.3,5.5,2,Yes,Yes,No,Medium,5.69,No
STU1581,Female,21,Electrical,5,0.4,78.3,6.5,2,Yes,Yes,No,High,6.41,No
STU1582,Male,19,Civil,6,4.6,83.1,5.8,2,Yes,No,No,Medium,7.57,Yes
STU1583,Male,21,Computer Science,7,4.3,65.8,6.1,1,No,Yes,No,Medium,7.36,Yes
STU1584,Female,20,Civil,2,3.1,85.5,6.1,1,No,Yes,No,Low,8.01,No
STU1585,Male,19,Electronics,1,0.7,97.6,6.2,0,No,Yes,Yes,Low,7.9,No
STU1586,Male,20,Electronics,5,4.9,75.9,7.6,0,Yes,Yes,No,Low,8.74,Yes
STU1587,Male,21,Computer Science,8,6.5,64.5,6.3,0,Yes,Yes,Yes,High,9.91,Yes
STU1588,Male,18,Computer Science,7,4.6,77.2,7.7,1,No,Yes,Yes,High,8.84,Yes
STU1589,Male,19,IT,6,2.3,51.3,8.3,1,No,Yes,No,Medium,7.35,Yes
STU1590,Male,22,Electronics,1,4.1,82,7.5,1,Yes,Yes,No,Low,9.49,Yes
STU1591,Female,19,Electronics,5,1.3,83.4,7.1,1,No,Yes,No,Low,6.89,Yes
STU1592,Male,20,Electronics,5,6.1,98.1,6.9,0,No,Yes,No,Medium,9.16,Yes
STU1593,Male,20,IT,6,4.2,75.7,7.5,1,Yes,Yes,Yes,Medium,8.38,Yes
STU1594,Female,20,Civil,6,0.5,82.9,6.6,1,No,Yes,No,Medium,6.51,Yes
STU1595,Male,20,Computer Science,3,3.4,67.7,7.7,1,No,Yes,No,High,7.44,No
STU1596,Female,19,Computer Science,8,4.9,73.7,7.2,1,No,Yes,No,Medium,7.46,Yes
STU1597,Male,20,Computer Science,4,3.3,59.7,6.1,1,Yes,Yes,Yes,Medium,7.52,Yes
STU1598,Male,19,Electrical,4,3.4,75.7,7.6,2,Yes,Yes,Yes,Medium,6.2,No
STU1599,Male,20,Mechanical,1,1.6,74.3,6.6,1,Yes,Yes,No,Medium,6.82,Yes
STU1600,Male,18,Mechanical,4,5.1,81.6,6.4,1,Yes,Yes,No,Medium,8.23,Yes
STU1601,Male,20,Mechanical,1,2.7,70.5,5.9,1,No,No,Yes,Medium,6.89,No
STU1602,Male,19,Electronics,7,0,79,6.7,0,Yes,Yes,No,Low,5.86,No
STU1603,Male,19,IT,5,3.3,74,7.7,0,No,Yes,No,Medium,6.96,No
STU1604,Male,19,Mechanical,3,6,74,7.6,0,Yes,Yes,No,High,8.51,Yes
STU1605,Male,19,Computer Science,3,3.2,79,6.9,1,No,Yes,No,Medium,7.87,No
STU1606,Male,21,Computer Science,8,7.5,78.5,7.2,0,No,Yes,No,High,9.73,Yes
STU1607,Male,19,Mechanical,8,4.9,87.1,8,2,No,Yes,No,Low,7.85,Yes
STU1608,Male,22,Electrical,5,4.7,76.6,6.3,1,Yes,Yes,No,Medium,7.46,Yes
STU1609,Female,22,Electronics,6,3.7,73.8,5.2,1,Yes,Yes,Yes,High,7.74,Yes
STU1610,Male,20,IT,8,3.9,75.8,8.1,0,Yes,Yes,No,Medium,7.21,Yes
STU1611,Female,18,IT,8,3.5,69.4,5.9,0,Yes,Yes,No,High,6.47,No
STU1612,Female,19,Computer Science,2,3.4,73.7,5.7,0,Yes,Yes,No,Medium,7.8,No
STU1613,Male,21,Computer Science,2,5.1,100,4.3,1,Yes,Yes,No,Low,8.17,Yes
STU1614,Female,19,Computer Science,4,2.1,67,7.2,1,No,Yes,No,Low,7.54,Yes
STU1615,Female,18,Civil,6,1.8,74.7,4.6,1,No,Yes,No,Medium,6.95,Yes
STU1616,Male,20,Computer Science,1,1.8,73.4,5.6,1,Yes,Yes,No,High,7.87,Yes
STU1617,Male,21,Electronics,7,8.1,75,7.2,1,No,Yes,No,Low,8.87,Yes
STU1618,Female,21,Mechanical,3,5.1,74,7.4,0,Yes,No,No,Medium,8.93,Yes
STU1619,Female,19,Civil,4,4.6,81.4,5.7,1,No,Yes,No,Medium,7.87,No
STU1620,Male,20,Computer Science,8,1.9,57.5,6.3,1,No,Yes,No,Low,7.46,Yes
STU1621,Male,19,Electronics,5,5.2,90.4,5.5,1,No,Yes,Yes,Low,8.28,Yes
STU1622,Male,19,Electronics,6,3.8,85.6,5.8,0,Yes,Yes,No,Medium,8.84,Yes
STU1623,Male,21,Mechanical,8,4.4,63.1,6.8,1,Yes,Yes,No,Low,7,No
STU1624,Female,19,IT,3,2,50.8,5.9,0,Yes,Yes,No,Low,6.76,No
STU1625,Male,19,Computer Science,1,4.3,66.3,6.2,3,No,Yes,No,Low,6.59,No
STU1626,Male,18,IT,1,3.2,75.1,4.7,1,No,Yes,No,Low,8.12,No
STU1627,Female,21,Civil,2,2.5,100,7.9,3,No,Yes,No,Medium,5.45,No
STU1628,Male,21,Mechanical,4,5.5,84.5,7.1,0,No,Yes,No,Medium,8.77,Yes
STU1629,Male,20,Civil,8,0.9,56.3,7.5,0,No,Yes,No,Medium,6.6,No
STU1630,Female,21,Electronics,5,5.1,69.7,8,1,No,Yes,No,Medium,6.83,No
STU1631,Female,19,Computer Science,3,5.4,77.4,5.5,0,No,Yes,No,High,8.43,Yes
STU1632,Male,20,Civil,8,2.2,81,6.1,2,Yes,Yes,Yes,High,5.77,No
STU1633,Male,19,Mechanical,7,2.4,62.2,4.2,2,No,Yes,No,High,4.9,No
STU1634,Male,18,Mechanical,1,3.6,76.4,10,1,Yes,No,No,Medium,7.63,No
STU1635,Male,20,Electronics,8,4.6,69.4,6.3,1,Yes,Yes,No,High,7.64,Yes
STU1636,Male,22,Electrical,3,3.7,64.8,7.7,1,Yes,Yes,No,Medium,7.33,Yes
STU1637,Male,18,Mechanical,5,4.9,81.1,5,3,No,Yes,Yes,Medium,7.24,No
STU1638,Male,19,Computer Science,3,7.5,87.3,7.7,0,No,Yes,No,Low,9.23,Yes
STU1639,Male,19,Electronics,4,3,88.1,8.7,1,Yes,Yes,No,Medium,8.82,Yes
STU1640,Male,19,IT,2,0.6,84.9,6.4,1,No,No,No,Low,6.71,No
STU1641,Male,22,IT,3,5.7,72,5.3,2,No,No,No,Low,8.47,Yes
STU1642,Male,20,Electronics,6,7.4,86.6,6.3,1,No,Yes,No,Medium,8.13,Yes
STU1643,Male,20,IT,8,4.8,81.7,3.8,3,No,Yes,No,Medium,6.5,No
STU1644,Male,21,Computer Science,2,1.8,79.6,6.5,1,No,Yes,No,High,7.46,Yes
STU1645,Female,19,Electronics,5,3.8,70.7,7.5,0,No,Yes,No,Medium,7.98,Yes
STU1646,Female,20,IT,2,1.8,72,6.5,1,Yes,Yes,No,Medium,6.25,No
STU1647,Female,20,IT,3,5.3,78.9,6.2,1,Yes,Yes,No,Medium,7.14,Yes
STU1648,Female,20,Civil,3,1.3,100,7.1,1,No,Yes,Yes,Medium,7.75,No
STU1649,Male,22,IT,6,3.4,81.6,7.2,0,Yes,No,No,Medium,8.57,Yes
STU1650,Male,21,Computer Science,1,2,70.7,4.5,1,Yes,Yes,No,High,6.98,No
STU1651,Male,19,IT,8,4.3,68,6.6,0,No,Yes,Yes,Medium,7.9,Yes
STU1652,Female,21,Electronics,6,3.3,72.1,9.4,2,Yes,Yes,No,Medium,6.4,Yes
STU1653,Female,19,Computer Science,3,4.4,100,4.9,0,Yes,Yes,No,Medium,8.75,Yes
STU1654,Male,18,Computer Science,7,4,73.2,6.4,1,No,Yes,No,High,6.89,Yes
STU1655,Male,19,Electronics,2,2,88.9,8.8,0,No,Yes,No,High,7.47,No
STU1656,Male,19,Computer Science,6,5.3,73.5,7.8,0,No,Yes,No,Medium,9.47,Yes
STU1657,Male,20,Electronics,6,3.9,81.1,5.9,2,No,Yes,No,Medium,6.17,No
STU1658,Female,20,Computer Science,8,2,87.5,6.7,0,No,Yes,No,Medium,8.19,Yes
STU1659,Female,22,Computer Science,7,8.5,71.1,6.5,0,Yes,Yes,No,High,10,Yes
STU1660,Male,20,Mechanical,7,5,70.3,5.6,0,Yes,Yes,No,Medium,8.93,Yes
STU1661,Female,20,Electronics,7,3.7,97.9,6.4,0,Yes,Yes,No,Low,8.81,Yes
STU1662,Female,18,Electronics,8,6.8,89.8,6.2,1,No,Yes,Yes,Medium,8.71,Yes
STU1663,Male,18,Civil,1,7.7,87.5,6.6,0,No,Yes,No,Medium,9.39,Yes
STU1664,Male,20,IT,3,3.7,87.4,5.6,1,No,No,No,Medium,6.47,No
STU1665,Male,20,IT,3,4.7,83.5,5,0,No,Yes,No,Low,8.59,Yes
STU1666,Male,21,Electronics,5,2,100,6.5,1,Yes,Yes,Yes,Low,7.28,No
STU1667,Male,19,Civil,8,3.7,78.5,8.6,1,No,Yes,No,Medium,7.38,Yes
STU1668,Male,18,Computer Science,1,3.6,84.9,6.6,3,No,Yes,Yes,High,6.78,No
STU1669,Male,20,Computer Science,5,4.4,60.6,6.1,2,No,Yes,No,High,7.09,Yes
STU1670,Male,19,Electronics,5,4.7,68.1,7.4,0,No,Yes,No,Medium,8,No
STU1671,Female,18,IT,5,5.1,63.6,6.3,0,No,Yes,No,High,9.34,Yes
STU1672,Male,21,Computer Science,8,4.5,93.3,8.7,1,No,Yes,No,Low,8.81,Yes
STU1673,Male,18,Computer Science,4,1.6,47.4,6.5,0,No,Yes,Yes,Medium,7.37,Yes
STU1674,Male,20,Computer Science,5,2.1,73.2,7.3,0,Yes,Yes,No,Low,7.5,Yes
STU1675,Female,19,IT,6,2.9,42.1,5.6,0,Yes,Yes,No,Medium,7.44,Yes
STU1676,Male,19,Mechanical,2,3.4,68,7.1,1,Yes,Yes,No,High,6.87,No
STU1677,Male,19,Computer Science,6,6.1,72.1,6.8,1,Yes,No,No,High,8.82,Yes
STU1678,Female,21,Mechanical,6,1.7,94.6,6.4,0,No,Yes,No,Medium,7.68,Yes
STU1679,Female,19,Mechanical,3,3.3,82.8,5.9,0,No,Yes,No,Medium,7.49,Yes
STU1680,Female,21,Civil,4,5.9,68,5.7,1,No,Yes,Yes,High,8.2,Yes
STU1681,Male,18,Computer Science,8,3.4,90.8,6.8,0,No,Yes,Yes,Low,8.17,Yes
STU1682,Male,21,IT,5,4.9,78.2,7.3,2,No,Yes,No,Medium,9.04,Yes
STU1683,Female,19,Electronics,3,3.7,78.5,6.3,0,Yes,Yes,No,Low,8.44,Yes
STU1684,Female,20,Civil,1,4.5,63.6,6.8,1,No,Yes,No,High,8.63,Yes
STU1685,Female,20,Computer Science,1,3.5,66.1,6.5,1,No,Yes,No,Low,8.05,Yes
STU1686,Female,22,Electronics,8,5.3,68.1,6.6,0,No,Yes,No,Low,8.57,Yes
STU1687,Male,19,Electronics,3,0.9,78.6,6.3,1,No,Yes,Yes,Medium,6.44,No
STU1688,Female,18,Mechanical,2,3.3,78.9,6.5,1,Yes,Yes,No,Low,6.51,No
STU1689,Male,18,Computer Science,8,4.6,96.5,9.7,1,No,Yes,No,Low,8,Yes
STU1690,Male,21,IT,3,5.1,82.6,6.9,1,No,No,No,Medium,8.68,Yes
STU1691,Male,20,Computer Science,3,7,45.5,7.3,0,No,Yes,No,High,8.54,Yes
STU1692,Male,21,Civil,4,3.2,81.2,7,0,No,Yes,Yes,Low,8.32,No
STU1693,Male,19,IT,8,7,60.6,6.2,0,No,Yes,Yes,High,7.75,Yes
STU1694,Male,19,Mechanical,1,2.7,66.4,8.1,0,Yes,Yes,Yes,High,7.95,Yes
STU1695,Female,18,Civil,1,6.7,68.3,6.2,0,Yes,Yes,No,Medium,9.68,Yes
STU1696,Male,22,Civil,5,5.6,70,7.8,3,Yes,No,Yes,Medium,6.18,No
STU1697,Female,20,Electronics,6,2.2,61.5,6.1,1,Yes,Yes,No,Low,7.03,No
STU1698,Male,22,IT,8,4.6,80.4,5.3,1,No,Yes,Yes,Medium,8.79,Yes
STU1699,Male,19,Computer Science,3,3.9,61.1,6.9,1,Yes,Yes,No,Low,8.44,Yes
STU1700,Male,20,Mechanical,8,5.3,82.3,5.2,1,No,Yes,No,Low,7.96,Yes
STU1701,Male,20,Civil,3,3.6,100,7.1,0,No,Yes,No,Medium,9.08,Yes
STU1702,Male,19,Electronics,2,3.4,62,5.1,1,Yes,Yes,No,Medium,8.04,Yes
STU1703,Male,21,Electronics,8,6.7,74.6,6.1,1,No,No,No,Medium,8.88,Yes
STU1704,Male,22,Electronics,7,3.8,47.7,4.8,0,No,Yes,No,Medium,8.3,Yes
STU1705,Female,21,IT,7,5.7,74.4,9.9,0,No,Yes,No,High,8.96,Yes
STU1706,Male,21,Electrical,1,3.5,85.7,4.5,2,No,Yes,Yes,Low,7.4,Yes
STU1707,Female,19,Mechanical,2,7.3,86.6,6.5,1,Yes,Yes,No,Low,8.74,Yes
STU1708,Male,19,Civil,4,2.6,78.9,7.9,0,No,Yes,No,Medium,7.78,No
STU1709,Female,22,Electrical,5,2.8,88.7,7.7,1,No,Yes,Yes,Low,7.9,Yes
STU1710,Female,18,Computer Science,2,7,100,7.5,0,No,No,No,Medium,9.41,Yes
STU1711,Female,21,Computer Science,1,3.1,98.5,6.1,0,No,Yes,No,Medium,8.23,No
STU1712,Male,21,Civil,4,7.2,71.7,8.1,0,Yes,Yes,No,Medium,9.82,Yes
STU1713,Male,20,IT,3,5.8,60.6,7.6,0,Yes,Yes,No,Medium,9.85,Yes
STU1714,Male,22,IT,4,3.7,73.1,6.8,1,No,No,Yes,Medium,6.37,No
STU1715,Female,19,Electronics,6,0.4,66.6,6.8,2,No,Yes,No,Medium,7,Yes
STU1716,Female,19,Computer Science,8,4,83.4,6.1,2,No,Yes,Yes,Low,7.22,Yes
STU1717,Female,18,Electronics,2,4.2,63.8,5.4,0,Yes,Yes,No,Low,8.59,Yes
STU1718,Male,20,Computer Science,1,6.3,77.1,8,1,Yes,Yes,No,Medium,9.34,Yes
STU1719,Female,19,Computer Science,2,7.2,88.1,8.1,0,Yes,Yes,No,Low,10,Yes
STU1720,Female,19,IT,3,2.6,76.8,5.4,1,Yes,Yes,Yes,Medium,6.78,No
STU1721,Male,21,Computer Science,7,5.6,66.6,6.3,2,No,Yes,No,Low,7.47,Yes
STU1722,Male,22,IT,3,5.5,92.1,6.3,0,No,Yes,No,Low,9.05,Yes
STU1723,Female,19,Electronics,1,6.1,55.5,6.5,0,Yes,Yes,No,Low,8.36,Yes
STU1724,Female,19,Mechanical,6,5,74.1,6.6,0,Yes,Yes,Yes,Medium,9.35,Yes
STU1725,Female,22,Computer Science,5,0.1,77.5,7.6,1,Yes,Yes,No,Low,6.42,No
STU1726,Male,18,Electronics,8,3.7,78.2,5.6,1,No,Yes,No,Low,6.67,Yes
STU1727,Female,18,Computer Science,8,1.7,80.2,5.5,3,No,Yes,No,Medium,5.59,No
STU1728,Male,19,Electrical,4,3.6,85.3,8,1,No,Yes,No,Medium,6.92,No
STU1729,Male,20,IT,4,6,77.6,5.9,1,No,Yes,No,High,8.31,Yes
STU1730,Male,19,Electronics,3,4.6,73.6,5,1,Yes,Yes,Yes,High,8.24,Yes
STU1731,Female,22,Computer Science,2,6.3,73.1,5.9,2,Yes,Yes,No,Low,7.57,Yes
STU1732,Female,20,Electrical,7,4.7,70.7,6.1,0,No,Yes,No,Low,8.12,Yes
STU1733,Male,20,Electronics,2,1.4,87.5,8.4,2,No,No,No,Medium,6.5,No
STU1734,Male,19,Computer Science,6,0,70.2,7.6,1,No,No,Yes,High,6.37,No
STU1735,Female,20,Mechanical,5,4.3,88.2,7.9,2,No,Yes,No,High,7.97,Yes
STU1736,Male,20,Electrical,8,3.6,78.2,7.5,0,No,Yes,Yes,Low,8.68,Yes
STU1737,Female,21,Computer Science,2,2,71.7,7.6,1,Yes,Yes,Yes,Medium,8.37,Yes
STU1738,Male,21,Computer Science,8,0.6,85.4,5.7,1,No,Yes,No,Medium,6.78,No
STU1739,Male,20,Electrical,4,2.5,69.3,6.3,3,No,Yes,Yes,High,6.52,No
STU1740,Male,22,Computer Science,8,3.6,85.7,5.3,1,Yes,Yes,No,Low,6.79,No
STU1741,Male,21,Computer Science,7,5.3,80.6,6.2,0,No,Yes,No,Medium,8.55,Yes
STU1742,Female,21,Mechanical,8,4.4,70.8,7.3,1,No,Yes,Yes,Low,7.66,Yes
STU1743,Male,18,IT,2,7.2,84.3,6.7,0,Yes,Yes,No,Low,8.93,Yes
STU1744,Male,18,Electronics,7,1.9,84.6,8.1,0,No,Yes,No,Medium,7.44,Yes
STU1745,Female,19,Electrical,8,5.8,91.9,5.1,0,Yes,Yes,No,Low,9.06,Yes
STU1746,Male,20,Civil,5,4.1,89.6,7.1,0,Yes,Yes,No,Medium,8.28,Yes
STU1747,Male,20,Computer Science,4,5.4,83.9,5,1,Yes,Yes,No,Medium,9.88,Yes
STU1748,Female,20,Electrical,8,3.1,64.5,6.6,2,Yes,Yes,Yes,High,7.01,No
STU1749,Female,21,Electronics,7,6.1,100,7.4,1,Yes,Yes,No,Medium,10,Yes
STU1750,Male,21,Computer Science,2,4.6,61.2,6.2,0,Yes,Yes,No,Low,9.04,Yes
STU1751,Female,22,Mechanical,4,2.6,89.4,7.2,0,No,Yes,No,Low,7.67,Yes
STU1752,Female,19,Electronics,3,4,83.2,5.3,0,Yes,Yes,No,Medium,8.35,Yes
STU1753,Male,20,Computer Science,3,3.5,63.9,4.5,0,No,No,No,Medium,7.47,Yes
STU1754,Male,19,Computer Science,6,5,76.5,7.2,0,Yes,Yes,Yes,Medium,8.54,No
STU1755,Female,19,Electronics,3,1.6,77.1,8.6,1,No,Yes,Yes,Medium,6.45,No
STU1756,Female,19,IT,2,3.9,93.7,5.3,1,Yes,Yes,No,Medium,7.74,Yes
STU1757,Male,19,Mechanical,5,4.8,69.4,8,1,Yes,Yes,No,Low,8.18,Yes
STU1758,Female,20,Electrical,4,4.1,74.9,6.6,1,Yes,Yes,Yes,Medium,7.96,Yes
STU1759,Female,21,Computer Science,7,6.7,50,4.9,0,No,Yes,No,Medium,8.74,Yes
STU1760,Male,18,Computer Science,1,5.5,98.8,5.1,1,No,Yes,No,High,8.62,Yes
STU1761,Male,21,Computer Science,3,4,65.2,6.5,2,Yes,Yes,No,Medium,7.55,Yes
STU1762,Male,20,Computer Science,3,4.4,81.9,6,0,Yes,Yes,No,Low,8.32,Yes
STU1763,Female,19,Computer Science,1,4.6,76.8,4.9,0,Yes,Yes,Yes,Medium,9.23,Yes
STU1764,Male,20,IT,7,4.8,76.8,4.5,0,Yes,Yes,No,Medium,7.33,Yes
STU1765,Female,19,Electrical,7,0.3,87.7,5.5,0,No,Yes,Yes,Low,7.53,No
STU1766,Female,20,Electrical,1,3.4,98.1,6.7,0,No,Yes,No,Medium,8.78,Yes
STU1767,Female,20,Computer Science,7,1,81,6.5,0,No,Yes,No,Low,6.89,Yes
STU1768,Male,19,IT,2,6.6,85.9,5.9,0,Yes,Yes,No,Medium,9.11,Yes
STU1769,Female,18,Electronics,7,3.9,81.9,6.7,0,No,Yes,No,High,8.62,No
STU1770,Male,20,Computer Science,4,3.6,90.2,7.7,1,Yes,Yes,No,Medium,8.5,Yes
STU1771,Female,22,IT,7,5.8,72.4,7,0,Yes,Yes,No,Medium,7.78,Yes
STU1772,Male,19,Mechanical,8,4.8,90.9,6.4,1,No,Yes,No,Low,8.69,Yes
STU1773,Male,21,Computer Science,8,1.7,91.3,7.6,0,Yes,Yes,No,Low,7.53,Yes
STU1774,Female,20,Electronics,3,3.9,91,5.3,0,No,Yes,Yes,Medium,9.13,Yes
STU1775,Male,22,Computer Science,5,3.3,70.1,6.2,2,No,Yes,No,Medium,5.76,No
STU1776,Male,21,Civil,2,0.5,76,6.3,1,Yes,Yes,No,Medium,7.98,Yes
STU1777,Female,20,Electronics,2,2.6,80.9,5,0,No,Yes,Yes,High,7.25,No
STU1778,Female,20,Electrical,7,3.6,61.5,6,1,Yes,Yes,No,Medium,8.15,Yes
STU1779,Female,21,Computer Science,5,3.8,97.1,4,1,Yes,No,No,Medium,7.93,Yes
STU1780,Female,19,Electronics,5,1,77.9,8.8,1,No,Yes,Yes,Medium,6.36,No
STU1781,Male,19,Electronics,6,6.3,81.4,5.4,0,No,Yes,No,Medium,9.26,Yes
STU1782,Male,18,Mechanical,5,3.8,71.1,8.4,2,Yes,Yes,No,Medium,7.79,Yes
STU1783,Male,21,Electronics,7,4.1,62.1,6.5,0,No,Yes,Yes,Medium,7.07,Yes
STU1784,Male,21,Civil,7,4.8,70.8,7.2,0,No,Yes,No,High,8.88,Yes
STU1785,Female,18,IT,1,2.4,80.6,5.9,0,Yes,Yes,No,Medium,7.74,Yes
STU1786,Female,20,Electrical,3,4.9,86.1,6.7,1,No,Yes,No,Medium,8.62,Yes
STU1787,Male,20,IT,8,3.3,79.9,7.3,2,No,Yes,No,Medium,7.12,Yes
STU1788,Male,18,IT,6,2.2,82.2,7.3,2,No,No,No,Low,6.44,No
STU1789,Female,22,Mechanical,7,5.1,74,7.4,1,Yes,Yes,No,Medium,7.47,No
STU1790,Male,19,IT,1,7,84,6.1,2,No,Yes,Yes,Medium,8.84,Yes
STU1791,Female,18,Electronics,6,5.4,95.8,5.9,1,Yes,Yes,No,Medium,9,Yes
STU1792,Male,20,Electronics,3,5.8,86.5,4.6,1,No,Yes,No,Medium,8.89,No
STU1793,Female,21,Electronics,6,3,87.7,7.1,3,No,Yes,No,High,6.92,No
STU1794,Male,18,Electronics,1,0.8,81.5,7.8,0,Yes,Yes,No,Medium,7.87,Yes
STU1795,Female,20,Computer Science,4,7,60,8.4,1,Yes,Yes,No,High,9.41,Yes
STU1796,Female,20,Electrical,8,8.1,65.5,6.9,1,No,Yes,No,Low,7.86,Yes
STU1797,Female,18,Electronics,7,7.1,83.5,5.6,1,No,Yes,No,Medium,7.53,Yes
STU1798,Female,19,Computer Science,8,3.3,77.9,4.5,2,Yes,No,No,Low,7.97,Yes
STU1799,Female,20,Mechanical,3,1.7,83.3,7.8,2,No,Yes,No,Low,5.85,No
STU1800,Female,19,Computer Science,2,1.9,98.1,4.3,2,No,Yes,No,Low,6.19,No
STU1801,Male,22,Computer Science,3,0.6,86.7,6.1,1,Yes,Yes,Yes,Medium,6.58,No
STU1802,Female,21,Computer Science,3,3.8,93.1,6.2,0,Yes,Yes,No,Low,7.51,Yes
STU1803,Female,22,Electronics,3,7.2,79.1,6.4,0,No,Yes,Yes,Medium,9.19,Yes
STU1804,Male,19,Electronics,4,3.7,68.3,6.5,1,Yes,Yes,No,Medium,6.92,Yes
STU1805,Female,22,IT,7,4.6,77.3,6.7,0,Yes,Yes,No,Medium,8.35,Yes
STU1806,Female,20,Civil,1,6.8,68.3,3.6,0,Yes,No,No,Low,9.09,Yes
STU1807,Female,19,Electronics,7,3.2,96.7,6.5,0,No,Yes,Yes,Low,8.17,Yes
STU1808,Male,18,Electronics,2,8.1,87.5,3.8,1,Yes,Yes,No,Medium,9.04,Yes
STU1809,Male,18,Electronics,1,8,84.2,7.4,0,No,Yes,Yes,Medium,10,Yes
STU1810,Female,20,IT,6,3.7,92.8,5.8,1,No,Yes,No,Low,8.57,Yes
STU1811,Female,20,Computer Science,6,2.8,53.8,3.9,2,Yes,Yes,No,High,7.21,Yes
STU1812,Male,19,Computer Science,6,5.4,85.1,5.5,0,No,Yes,Yes,Low,8.74,Yes
STU1813,Female,20,IT,1,3.3,62.3,5.8,1,No,Yes,Yes,Medium,8.29,Yes
STU1814,Female,19,Electronics,5,1.7,77.9,7.9,1,No,No,No,Low,7.57,Yes
STU1815,Male,20,Computer Science,4,6.6,74.3,6.7,1,Yes,Yes,No,High,7.89,No
STU1816,Female,19,Computer Science,5,6.4,85.9,6.9,0,No,Yes,No,Medium,8.55,Yes
STU1817,Male,21,Electrical,7,4.3,80.7,7.9,0,Yes,Yes,No,High,8.17,Yes
STU1818,Male,21,IT,6,1.5,94.1,6.4,0,Yes,Yes,No,Medium,8.59,Yes
STU1819,Male,20,Civil,4,1.5,70.8,7.4,0,No,Yes,Yes,Low,7.01,Yes
STU1820,Female,19,Electronics,1,4.2,86.5,7.3,0,Yes,Yes,No,Medium,7.43,Yes
STU1821,Male,19,Mechanical,6,3,79.9,5,0,No,Yes,No,Medium,7.76,Yes
STU1822,Male,21,Electrical,1,3.3,58.4,8.3,1,Yes,Yes,No,Low,6.05,No
STU1823,Male,19,Electrical,4,6,67,4.8,2,Yes,No,Yes,Low,7.05,No
STU1824,Male,19,Computer Science,1,5.5,76.2,7.6,1,No,Yes,No,Medium,7.98,Yes
STU1825,Female,18,IT,1,6.8,91.3,4.7,1,Yes,No,Yes,Low,9.03,Yes
STU1826,Male,20,Computer Science,2,2,83.6,7.2,1,No,Yes,No,Medium,7.85,Yes
STU1827,Male,20,Computer Science,7,3.3,64,8.7,1,No,Yes,No,Medium,7.79,Yes
STU1828,Female,21,Civil,5,5.5,76.3,6.2,0,Yes,Yes,No,Medium,8.05,No
STU1829,Male,19,Electronics,8,4.9,100,6.2,0,No,Yes,Yes,Low,8.8,Yes
STU1830,Male,19,Electrical,5,7.1,79.3,7.2,1,Yes,Yes,Yes,Medium,8.98,Yes
STU1831,Male,21,Computer Science,5,4.8,74.1,6.1,2,Yes,Yes,No,Low,7.31,No
STU1832,Male,21,Mechanical,3,7.7,83.9,8.7,0,No,Yes,No,Low,9.65,Yes
STU1833,Male,19,Electrical,2,5.1,87.2,6.7,0,Yes,No,No,Medium,7.83,No
STU1834,Male,20,Electrical,8,6.1,72.5,6.1,1,Yes,Yes,Yes,High,7.7,Yes
STU1835,Male,19,Computer Science,6,3.4,84,5.9,0,No,Yes,No,Low,7.92,Yes
STU1836,Female,22,Electronics,6,4,74.1,5.4,0,No,Yes,No,Low,6.3,No
STU1837,Male,18,Mechanical,6,5.8,86.6,5.7,1,No,Yes,No,Medium,8.93,Yes
STU1838,Female,22,Computer Science,5,7.2,80,6.1,0,No,Yes,No,Medium,8.6,Yes
STU1839,Female,20,Electrical,7,5.5,83.8,5.9,1,No,Yes,No,Medium,8.81,Yes
STU1840,Male,20,Electrical,5,3.8,68.9,5.7,2,No,No,No,High,7.35,Yes
STU1841,Female,18,Computer Science,8,6.8,68.1,9,1,No,Yes,No,High,8.37,Yes
STU1842,Male,20,Computer Science,7,0,89.3,5.3,1,No,Yes,No,Medium,7.15,Yes
STU1843,Female,20,Computer Science,2,1.2,77,6.7,0,Yes,No,No,Medium,7.74,Yes
STU1844,Male,19,Electrical,7,5.4,81.4,7.2,0,No,No,No,High,8.69,Yes
STU1845,Male,20,Computer Science,8,4,74.3,7.3,1,No,No,No,Low,7.5,Yes
STU1846,Male,22,Electronics,1,5.2,88.8,6.4,0,No,Yes,No,Medium,9.57,Yes
STU1847,Female,20,Electronics,5,4.1,70.7,6.2,0,No,Yes,No,Medium,8.3,Yes
STU1848,Male,21,Mechanical,6,5.1,76.4,7,0,Yes,Yes,Yes,Low,9.29,Yes
STU1849,Female,18,Computer Science,1,2.4,87.4,6.8,1,Yes,Yes,Yes,High,5.99,No
STU1850,Male,20,Computer Science,5,5.1,92.1,6.2,0,No,Yes,No,Medium,9,Yes
STU1851,Female,18,Electrical,4,6,71.7,4.6,1,Yes,Yes,Yes,Medium,7.32,Yes
STU1852,Male,20,Electrical,3,6.4,100,5.9,0,No,Yes,No,High,9.52,Yes
STU1853,Female,22,IT,5,8,81.8,5.1,0,Yes,Yes,No,Medium,10,Yes
STU1854,Male,20,Computer Science,4,4.5,65.5,5.7,1,No,Yes,No,High,8.71,Yes
STU1855,Male,18,Electronics,8,4.5,82.4,6.5,2,No,Yes,Yes,Low,6.99,Yes
STU1856,Male,19,Mechanical,2,1,73.4,6.9,0,Yes,Yes,No,Low,6.85,Yes
STU1857,Male,20,Computer Science,4,2.9,83.2,8.6,1,No,No,No,Low,7.55,No
STU1858,Female,20,Electrical,2,3.6,77.5,5.9,1,No,Yes,No,Medium,7.02,No
STU1859,Male,21,Mechanical,5,6.1,78.9,7.4,1,Yes,Yes,No,Low,9.17,Yes
STU1860,Female,21,Computer Science,2,2.8,67.1,6.9,0,No,Yes,No,Low,7.62,Yes
STU1861,Male,20,Electrical,4,5.6,89.9,8.1,2,No,Yes,No,High,8.24,Yes
STU1862,Male,19,Electrical,7,4,64.1,7.2,1,Yes,Yes,No,High,7.91,Yes
STU1863,Male,19,Computer Science,3,3.6,64.7,5.3,2,No,No,No,Medium,6.78,Yes
STU1864,Male,18,Mechanical,1,4.5,82.4,4.4,0,Yes,Yes,No,High,7.95,No
STU1865,Female,19,Electronics,1,3.2,97.2,6.9,1,Yes,Yes,No,High,7.87,No
STU1866,Male,20,Electronics,3,3.1,73.8,5.9,1,No,Yes,Yes,Medium,6.84,No
STU1867,Male,20,Computer Science,6,0.6,86.4,5.3,1,No,Yes,No,Medium,6.77,No
STU1868,Female,20,Mechanical,1,3.5,90.9,5,0,No,Yes,No,High,8.89,Yes
STU1869,Female,18,Electrical,8,3,87.8,6.7,1,Yes,Yes,No,Medium,6.94,No
STU1870,Male,19,Mechanical,5,3,74.3,8.3,0,Yes,Yes,No,Low,7.03,Yes
STU1871,Male,19,Computer Science,6,4.8,64.9,6,1,Yes,Yes,No,Medium,7.81,Yes
STU1872,Female,19,Mechanical,5,5.3,51.5,7.2,0,No,Yes,No,Medium,7.78,Yes
STU1873,Male,21,Electronics,4,4.5,74.8,6.4,0,No,Yes,No,High,8.41,No
STU1874,Male,18,IT,8,6,92.1,5,1,No,Yes,No,Medium,8.88,Yes
STU1875,Male,20,Electronics,4,5.2,64.5,7.4,0,Yes,Yes,No,High,7.19,Yes
STU1876,Female,19,Computer Science,6,3.4,86.4,5.2,2,No,Yes,No,Medium,7.59,Yes
STU1877,Female,21,Computer Science,6,3.1,66.6,6.5,2,No,Yes,No,Medium,6.04,No
STU1878,Male,20,IT,8,4.6,79.3,6.1,1,No,Yes,No,Medium,7.99,Yes
STU1879,Male,19,Computer Science,8,5.1,86.5,7.6,1,Yes,Yes,Yes,Low,8,Yes
STU1880,Male,20,IT,6,6.8,70.1,5.2,1,No,Yes,No,Medium,8.21,Yes
STU1881,Female,21,Computer Science,6,6.4,80,7,0,No,Yes,Yes,High,10,Yes
STU1882,Male,22,Electronics,2,2.9,73,5.5,2,No,No,No,Medium,6.94,No
STU1883,Male,19,Electronics,7,3.8,86.5,5.9,0,Yes,Yes,No,High,8.9,Yes
STU1884,Female,21,Electrical,6,5.3,80.8,3,0,No,Yes,Yes,Low,8.71,Yes
STU1885,Male,22,Electrical,8,6.1,78.7,9,1,Yes,Yes,No,Medium,9.03,Yes
STU1886,Female,22,Computer Science,7,5.9,96.7,7.2,1,Yes,Yes,No,Low,9.11,Yes
STU1887,Male,20,Electronics,6,3.9,85.9,5.6,0,No,Yes,No,Medium,8.52,Yes
STU1888,Male,20,Computer Science,4,1.5,69.7,5.2,0,No,Yes,No,Medium,7.84,Yes
STU1889,Male,20,Mechanical,5,2,77,5.9,1,No,Yes,No,Medium,7.13,No
STU1890,Female,21,Electronics,7,4.5,77.1,7.4,0,Yes,Yes,No,Low,9.86,Yes
STU1891,Female,20,Electrical,4,4.7,79,4.2,1,No,Yes,Yes,Medium,8.51,Yes
STU1892,Female,20,Electrical,1,1.8,100,6.3,1,No,Yes,No,Medium,6.76,Yes
STU1893,Male,20,Electronics,8,4.1,82.5,8.6,0,Yes,Yes,No,Medium,8.41,Yes
STU1894,Female,21,Electronics,2,5.3,53.6,5.1,0,No,Yes,No,Medium,8.42,Yes
STU1895,Male,21,IT,2,1.7,71.5,6.6,1,No,Yes,No,Medium,6.88,Yes
STU1896,Male,18,IT,5,6.2,54.8,9.1,1,No,Yes,No,High,8.63,Yes
STU1897,Female,21,Computer Science,6,3.2,74,7.3,0,Yes,Yes,Yes,High,8.44,Yes
STU1898,Male,20,Electronics,4,6.5,54.2,6.7,0,No,Yes,No,Medium,7.88,Yes
STU1899,Male,21,Electronics,1,2.9,67.5,7.1,0,Yes,Yes,No,Medium,8.49,Yes
STU1900,Male,20,Computer Science,4,1.9,59.8,6,0,Yes,Yes,No,Medium,6.86,No
STU1901,Male,19,Computer Science,8,3.1,82.6,8.1,1,Yes,Yes,No,Low,7.28,Yes
STU1902,Male,22,Computer Science,8,3.8,78,6,1,Yes,Yes,No,Medium,7.33,No
STU1903,Female,19,Mechanical,6,3.2,81.6,4.1,1,No,No,No,Low,7.94,Yes
STU1904,Male,21,Computer Science,6,3.6,76.7,6,1,No,Yes,Yes,Low,7.43,Yes
STU1905,Female,20,Computer Science,8,4.7,61.3,5.3,0,No,No,No,Medium,7.74,Yes
STU1906,Female,20,Computer Science,3,3.7,84.2,6.2,0,Yes,No,No,Medium,8.03,Yes
STU1907,Male,19,IT,8,3.9,100,6.2,1,No,Yes,No,Low,7.1,Yes
STU1908,Male,20,IT,4,0.6,82.9,7.9,1,No,Yes,No,High,6.26,No
STU1909,Male,19,Electronics,5,4.8,72.9,7.3,1,No,Yes,No,High,7.26,Yes
STU1910,Female,18,Electronics,4,3.8,60.9,6.8,1,No,Yes,Yes,High,7.23,Yes
STU1911,Male,19,Electrical,2,7.2,67.1,6.5,1,Yes,Yes,No,Medium,9.09,Yes
STU1912,Female,18,Computer Science,1,2.1,83.4,5.2,0,No,Yes,No,Low,8,No
STU1913,Male,22,Computer Science,7,0.4,90.9,3.9,1,Yes,Yes,Yes,Low,7.41,Yes
STU1914,Female,22,Computer Science,5,5.2,81.1,6.6,1,No,Yes,No,Low,8.89,Yes
STU1915,Male,19,Computer Science,3,4.7,87.6,7.5,3,No,Yes,Yes,Low,6.95,No
STU1916,Male,21,Electronics,1,2,86.5,6.4,1,No,Yes,Yes,High,7.26,Yes
STU1917,Female,19,Electrical,1,0.9,84.1,5.9,1,No,Yes,No,High,6.77,Yes
STU1918,Female,20,Mechanical,7,7.1,70.1,7.1,0,No,No,Yes,High,7.95,No
STU1919,Male,21,Electronics,2,6.8,80.1,6.4,1,Yes,Yes,No,Medium,8.07,Yes
STU1920,Female,22,Electrical,2,0,67.8,8.5,4,No,Yes,No,Medium,4.68,No
STU1921,Male,20,Computer Science,2,3.1,78.2,8,1,No,Yes,No,Medium,7.45,Yes
STU1922,Female,21,Computer Science,5,7.3,82,7.7,0,Yes,No,Yes,High,9.89,Yes
STU1923,Female,19,Mechanical,4,3,98.1,7.4,0,Yes,Yes,No,Medium,8.66,Yes
STU1924,Male,22,Mechanical,1,3,62.3,5,1,Yes,No,No,Low,5.98,No
STU1925,Male,18,Computer Science,4,3.4,83.8,7.3,1,No,Yes,No,Low,8.04,Yes
STU1926,Male,20,Electronics,4,1.8,95.8,7,1,No,Yes,Yes,Medium,7.5,Yes
STU1927,Male,20,Mechanical,2,0.6,87.1,7.2,0,Yes,Yes,No,Medium,7.69,Yes
STU1928,Female,20,Civil,4,6.1,88,7.1,1,No,Yes,No,High,9.39,Yes
STU1929,Male,18,Mechanical,1,0.3,85.1,7,0,No,Yes,No,Medium,7.07,No
STU1930,Male,22,Electronics,1,4.5,93.6,9.7,1,Yes,Yes,No,Medium,9.18,Yes
STU1931,Female,19,Computer Science,6,5.8,65,6.4,0,No,Yes,No,Low,8.12,Yes
STU1932,Female,20,Electronics,3,1.1,61.4,7.6,1,Yes,Yes,No,Medium,5.93,Yes
STU1933,Male,19,Computer Science,5,2.2,77.9,5.9,0,No,Yes,Yes,Medium,7.88,Yes
STU1934,Male,19,Electrical,4,6.4,52.1,7.4,0,Yes,Yes,No,Medium,8.43,Yes
STU1935,Male,20,Electronics,5,5.1,92.8,7.6,1,Yes,Yes,No,Medium,8.68,Yes
STU1936,Male,20,Electronics,5,2.8,92.6,6.9,0,Yes,Yes,No,High,9.37,Yes
STU1937,Female,19,IT,5,6.4,72.8,8.5,1,Yes,Yes,Yes,Medium,8.86,No
STU1938,Male,19,Electronics,7,6.4,73.6,5.4,2,No,Yes,No,Medium,8.11,Yes
STU1939,Female,20,Electronics,8,4.5,77.1,5.9,2,Yes,Yes,No,High,6.89,Yes
STU1940,Male,21,IT,6,2.2,78.6,6.8,0,No,Yes,No,High,6.66,No
STU1941,Female,21,IT,5,3.2,79.5,7.6,1,Yes,Yes,Yes,Low,7.55,Yes
STU1942,Female,18,Civil,8,4.6,84.7,6.7,0,No,No,No,High,9.28,Yes
STU1943,Female,19,Computer Science,8,3.6,75.9,8,2,No,Yes,No,Low,6.98,Yes
STU1944,Male,18,Mechanical,6,5.9,89.3,5.7,1,No,Yes,No,Medium,8.88,Yes
STU1945,Male,18,IT,1,0.9,83.4,5.1,0,Yes,Yes,No,Low,8.09,Yes
STU1946,Male,20,Computer Science,7,1,70.7,6.9,1,No,Yes,No,Medium,7.45,Yes
STU1947,Female,20,Computer Science,4,4.4,94,6.4,0,Yes,Yes,No,Medium,9,Yes
STU1948,Female,19,IT,6,3,61.7,7.2,2,Yes,Yes,No,Medium,6.75,No
STU1949,Female,19,Computer Science,3,2.7,76.9,6.5,1,No,Yes,Yes,Medium,6.4,Yes
STU1950,Female,18,IT,8,0.5,89.6,6.1,1,No,Yes,No,Medium,6.39,No
STU1951,Female,21,Electronics,5,4,69.3,6.4,1,No,Yes,Yes,Low,7.44,Yes
STU1952,Male,22,Electronics,8,3.9,81.7,6.5,2,No,Yes,Yes,High,6.81,Yes
STU1953,Female,18,Computer Science,7,5.3,84.5,6.1,2,No,Yes,No,Medium,8,No
STU1954,Male,19,IT,3,4.1,67.7,6.3,1,No,Yes,Yes,Medium,8.75,Yes
STU1955,Male,21,Electronics,1,3.7,77.1,6,1,No,Yes,No,High,8.55,Yes
STU1956,Male,22,Mechanical,1,6.4,76.1,7.5,1,No,Yes,Yes,Low,8.78,Yes
STU1957,Male,20,Civil,2,1.4,71.4,6.7,2,No,Yes,No,Medium,6.72,Yes
STU1958,Male,18,Civil,5,5.1,100,9.2,0,Yes,Yes,Yes,Medium,8.81,Yes
STU1959,Female,18,Electrical,2,0.7,68.8,6.7,0,Yes,Yes,No,Low,7.83,Yes
STU1960,Male,20,Mechanical,7,2.3,90.1,5.8,0,No,Yes,Yes,Medium,6.96,No
STU1961,Female,19,Electronics,3,1.6,73.3,9.7,1,Yes,Yes,No,High,7.56,Yes
STU1962,Male,18,Electrical,8,5.6,65,7,0,Yes,Yes,No,Low,8.91,Yes
STU1963,Male,20,Mechanical,4,3.9,79.2,7.7,1,No,Yes,No,Medium,7.38,Yes
STU1964,Male,18,Computer Science,2,4,85.8,7.2,1,No,No,No,Medium,7.85,Yes
STU1965,Male,21,Computer Science,1,1.8,89,7.2,1,No,Yes,Yes,Medium,6.59,No
STU1966,Female,19,IT,5,3.4,96.7,7.1,1,Yes,Yes,Yes,Medium,7.32,No
STU1967,Male,18,Electronics,8,2.5,100,5.2,0,Yes,Yes,No,High,7.18,No
STU1968,Female,20,Civil,3,4.8,81,6.9,1,Yes,Yes,No,Medium,8.61,Yes
STU1969,Male,19,Electronics,6,2,70,4.9,2,No,Yes,No,Medium,7.07,No
STU1970,Female,22,Computer Science,7,6.7,83.4,6.3,1,No,Yes,No,Medium,7.53,Yes
STU1971,Female,20,Mechanical,7,0.6,74.8,5.6,2,No,Yes,No,Medium,7.09,Yes
STU1972,Female,19,Computer Science,1,2.4,89.1,6.9,0,Yes,Yes,No,High,7.96,Yes
STU1973,Male,21,Electronics,6,7.4,62.4,6.9,1,No,Yes,No,High,8.86,Yes
STU1974,Male,19,Mechanical,7,3.1,100,7.1,0,No,Yes,No,Low,7.56,Yes
STU1975,Male,22,Electronics,4,1.4,88.3,6.8,0,Yes,Yes,No,Medium,8.39,Yes
STU1976,Female,19,Civil,8,4.4,57.8,5.8,0,No,Yes,No,Medium,8.11,Yes
STU1977,Male,20,IT,5,3,69.5,6.2,1,No,Yes,No,Medium,7.93,Yes
STU1978,Male,18,IT,8,2.3,87.8,7.6,0,No,Yes,No,High,8.67,Yes
STU1979,Female,20,Computer Science,4,1.8,92.1,7.8,1,No,Yes,No,Medium,8.16,Yes
STU1980,Male,21,Computer Science,7,9.5,62.7,5.1,0,No,Yes,No,Medium,9.45,Yes
STU1981,Female,21,Mechanical,4,3.5,86.6,4.7,1,No,Yes,Yes,Low,7.57,Yes
STU1982,Male,19,Electrical,8,0.1,54.6,5.6,1,No,Yes,No,Medium,5.54,No
STU1983,Male,19,IT,7,7,76.9,7.8,0,No,Yes,No,Medium,9.92,Yes
STU1984,Female,21,IT,5,5.2,91.3,8,0,Yes,Yes,No,Medium,9.25,Yes
STU1985,Male,22,Electronics,5,2.5,71.4,5.4,2,No,No,No,Medium,7.21,Yes
STU1986,Female,18,Electronics,6,2.1,59.9,6.9,1,No,Yes,No,Low,7.45,Yes
STU1987,Male,20,Electronics,4,5.3,79.8,8.7,1,No,Yes,Yes,Medium,7.35,No
STU1988,Male,19,Computer Science,3,3.5,70.7,7,1,Yes,Yes,No,Medium,8.3,No
STU1989,Female,21,Computer Science,6,0.1,85.6,8.2,0,Yes,Yes,No,Medium,7.73,Yes
STU1990,Female,18,Electrical,5,7.6,67.4,7.7,0,Yes,Yes,No,Medium,9.17,Yes
STU1991,Female,19,Computer Science,1,3.1,68.7,5.4,1,Yes,Yes,No,Medium,7.44,No
STU1992,Male,21,Computer Science,7,7,53.7,6.3,0,Yes,No,No,Low,8.76,Yes
STU1993,Female,18,Computer Science,6,6.6,80,6.5,0,No,Yes,No,Low,9.6,Yes
STU1994,Male,20,Electrical,2,2,76.1,6.6,0,No,Yes,No,Low,7.33,Yes
STU1995,Male,20,Mechanical,3,6.1,63.7,7.6,0,No,Yes,Yes,Medium,9.08,Yes
STU1996,Female,19,Civil,7,2.7,80.3,7,0,No,Yes,No,Low,7.94,Yes
STU1997,Male,19,Electrical,6,0.3,90.3,3,2,No,Yes,No,Medium,5.8,No
STU1998,Female,20,Electronics,5,3.2,75.4,4.9,1,No,Yes,No,Medium,7.49,Yes
STU1999,Male,19,Mechanical,8,4.8,81.2,3.9,1,Yes,No,No,High,9.62,Yes
STU2000,Male,20,Computer Science,5,3.1,81.3,6.7,0,Yes,Yes,No,High,7.63,Yes
STU2001,Male,21,Computer Science,3,3.4,63.5,6.8,0,No,Yes,No,High,7.65,Yes
STU2002,Female,21,IT,2,6.3,100,6.8,1,Yes,Yes,No,Medium,8.64,Yes
STU2003,Female,19,IT,6,4.2,72.3,5.3,1,No,No,No,Medium,7.34,No
STU2004,Female,18,Electronics,8,2.3,85.9,7.3,0,Yes,Yes,No,Medium,8.38,No
STU2005,Female,19,Electronics,6,5.4,87.2,7.4,0,No,No,No,High,9.43,Yes
STU2006,Female,19,Mechanical,4,4.4,76.3,5,1,No,Yes,No,High,7.81,Yes
STU2007,Female,20,Computer Science,1,0,85.3,4.7,2,No,Yes,Yes,Medium,6.56,No
STU2008,Male,20,Computer Science,5,4.9,80.9,6.5,0,Yes,Yes,Yes,Medium,9.13,Yes
STU2009,Male,18,Computer Science,6,4.8,61,8.7,1,Yes,Yes,No,Medium,7.74,Yes
STU2010,Male,18,Computer Science,6,4,74,8.5,1,No,Yes,No,Medium,6.88,Yes
STU2011,Female,19,IT,7,5.8,70.6,7.2,2,No,Yes,Yes,Medium,8.3,Yes
STU2012,Female,20,Computer Science,7,2.7,72.5,5.6,2,No,Yes,No,High,6.78,No
STU2013,Male,19,Computer Science,6,4.7,62.4,7.6,0,No,Yes,Yes,Medium,8.29,Yes
STU2014,Female,20,Mechanical,2,0.9,91.5,6,1,No,Yes,No,Medium,6.67,No
STU2015,Female,19,IT,1,4.8,97.2,5.6,1,No,No,No,High,8.85,Yes
STU2016,Male,21,Computer Science,6,7.9,89.7,3.9,1,No,Yes,No,Low,9.46,Yes
STU2017,Female,21,Computer Science,3,2,93.2,6.6,1,Yes,Yes,No,Low,7.25,No
STU2018,Female,19,Electronics,5,2.5,73.9,5.7,2,Yes,Yes,No,Medium,5.9,No
STU2019,Male,19,Civil,4,2.6,70.4,6.6,0,No,Yes,No,Low,8.29,Yes
STU2020,Female,20,Mechanical,7,4.3,68.7,3.7,0,No,Yes,No,Medium,8.43,Yes
STU2021,Male,19,IT,3,1.9,85.7,6.7,1,No,Yes,No,Low,7.37,No
STU2022,Female,20,Electrical,5,4.8,80.7,3.6,0,Yes,No,No,Low,6.88,No
STU2023,Female,21,IT,8,5.7,77.1,7.8,0,Yes,Yes,No,Medium,8.9,Yes
STU2024,Female,20,Mechanical,7,5.1,93.5,7.1,0,No,Yes,No,Medium,8.87,Yes
STU2025,Male,21,Electronics,2,0.5,82.9,6.2,2,Yes,Yes,No,Medium,5.77,No
STU2026,Female,19,Computer Science,7,6,67.9,7.2,0,No,Yes,No,Low,9.27,Yes
STU2027,Female,19,Electrical,1,5.9,69.8,5.3,1,Yes,No,No,Medium,8.65,Yes
STU2028,Male,21,Electronics,1,5.7,86.2,6.6,0,No,Yes,No,Medium,9.31,Yes
STU2029,Female,19,Computer Science,5,4.7,90.5,7.5,0,No,Yes,No,Medium,9.45,Yes
STU2030,Male,20,Civil,3,4.4,84.6,3,0,Yes,Yes,No,Low,7.77,Yes
STU2031,Female,19,Computer Science,4,6.1,100,6,0,Yes,Yes,No,Medium,9.16,Yes
STU2032,Male,18,Mechanical,2,7.8,97.6,6.5,1,No,Yes,No,Medium,9.55,Yes
STU2033,Male,22,Mechanical,5,2.1,83.3,6.3,2,No,Yes,No,Medium,6.34,Yes
STU2034,Male,19,Electronics,8,6.2,67.9,8.2,1,No,Yes,Yes,High,8.87,Yes
STU2035,Female,22,IT,2,3.8,62.3,5.2,0,No,No,No,High,7.52,Yes
STU2036,Male,22,Computer Science,1,3.7,73.4,5.8,1,Yes,Yes,Yes,Medium,8.33,Yes
STU2037,Female,21,Electronics,6,0.9,87,4.2,0,Yes,Yes,Yes,Low,6.71,Yes
STU2038,Male,20,Mechanical,6,3.4,99.9,8.3,0,No,Yes,No,Medium,9.88,Yes
STU2039,Male,20,Civil,4,2,83,6.2,1,Yes,Yes,No,Low,8.39,Yes
STU2040,Male,21,IT,2,3.1,92,6,1,No,Yes,No,Medium,7.67,Yes
STU2041,Female,19,Electronics,5,1.8,75.1,6.4,0,No,Yes,No,Medium,8.14,Yes
STU2042,Male,20,Mechanical,4,3.1,85.5,7.3,0,Yes,Yes,No,High,7.92,No
STU2043,Female,20,Computer Science,7,3.2,87.9,6.9,2,No,Yes,No,High,7.83,Yes
STU2044,Female,20,Electrical,7,4.2,54.2,9.7,1,Yes,Yes,No,Medium,7.43,Yes
STU2045,Female,20,Electronics,8,0.8,73,7,2,Yes,Yes,No,Medium,5.32,No
STU2046,Male,19,Civil,3,1.1,89.4,5.9,3,No,No,Yes,Medium,4,No
STU2047,Male,20,Computer Science,6,4.7,81.3,5.8,1,No,Yes,No,Low,7.9,No
STU2048,Female,21,Computer Science,5,2.4,63.6,6,0,Yes,Yes,Yes,High,7.58,Yes
STU2049,Male,19,Electronics,2,6.1,48.8,4.7,1,No,Yes,No,Medium,8.64,Yes
STU2050,Female,22,IT,4,4.5,73.6,6.5,0,No,Yes,No,Low,8.39,Yes
STU2051,Male,20,Mechanical,5,5.2,77.1,7.4,0,Yes,Yes,No,Medium,9.33,Yes
STU2052,Female,21,Electrical,4,6.8,67.4,5.8,1,No,Yes,No,Low,8.25,Yes
STU2053,Female,20,Electronics,4,3.4,79.7,5.5,0,No,Yes,No,Low,7.86,Yes
STU2054,Female,21,Electronics,4,2.9,84.1,8.3,0,No,Yes,No,Medium,8.74,Yes
STU2055,Male,18,Computer Science,2,5.7,86,4.8,1,Yes,Yes,Yes,Medium,6.98,No
STU2056,Female,21,IT,5,5,49.7,4,1,No,Yes,Yes,Medium,7.45,No
STU2057,Male,18,Computer Science,1,3.6,62.2,5.1,0,No,Yes,No,Medium,7.52,Yes
STU2058,Male,21,IT,1,6.8,74.3,4.7,0,Yes,Yes,Yes,Low,9.92,Yes
STU2059,Female,22,Electrical,2,3.6,84.9,7,0,Yes,Yes,No,Medium,7.99,Yes
STU2060,Female,19,Electrical,7,4.1,83.9,6.1,0,Yes,Yes,Yes,Medium,8.73,Yes
STU2061,Female,19,Mechanical,2,4,83.7,6.2,1,Yes,Yes,No,High,8.44,No
STU2062,Female,21,Civil,6,2.1,73.4,7.9,1,Yes,No,Yes,Low,6.2,No
STU2063,Male,19,IT,4,4.2,74.1,5.7,1,No,Yes,No,Low,7.65,Yes
STU2064,Male,21,Computer Science,5,6.8,69.3,7.4,0,Yes,Yes,No,High,8.88,Yes
STU2065,Female,18,Mechanical,5,4.9,87.2,8.3,0,No,Yes,No,High,9.44,Yes
STU2066,Male,18,Computer Science,3,4.1,67,6,0,No,Yes,No,High,8.48,Yes
STU2067,Male,22,Electronics,3,3.7,88.2,7.4,0,No,Yes,No,Low,8.29,Yes
STU2068,Male,20,Computer Science,8,4.7,80.5,6.2,0,No,Yes,No,Medium,7.94,Yes
STU2069,Male,21,Computer Science,1,5.5,77.5,7.6,0,Yes,Yes,No,Medium,9.48,Yes
STU2070,Male,19,Electronics,3,5.2,70.1,4.6,0,No,Yes,No,High,8.41,Yes
STU2071,Male,20,Electronics,3,3.3,61.7,4.5,1,No,Yes,No,Low,6.14,No
STU2072,Male,20,Mechanical,1,4.6,70.2,6,1,Yes,Yes,No,Low,6.89,No
STU2073,Male,20,Computer Science,6,5,74,5.4,1,Yes,Yes,No,Medium,8.26,Yes
STU2074,Female,20,Mechanical,7,2,49.6,5.9,0,Yes,Yes,No,Low,6.22,No
STU2075,Male,20,Computer Science,1,4.3,75.6,6.2,2,Yes,Yes,Yes,Medium,8.44,Yes
STU2076,Male,20,Mechanical,7,0,89.1,7.4,3,Yes,Yes,Yes,High,5.09,No
STU2077,Female,19,Mechanical,8,5,84.8,6,0,Yes,Yes,No,Medium,8.75,Yes
STU2078,Male,21,Mechanical,3,5.3,72,5.5,1,Yes,Yes,No,Medium,8.17,Yes
STU2079,Female,19,Civil,5,5.5,78.6,6.1,1,No,No,No,High,7.86,Yes
STU2080,Female,20,Electronics,3,3.2,71.3,5.6,1,Yes,Yes,No,Low,5.98,No
STU2081,Male,19,IT,4,4.6,79.8,5.4,0,No,Yes,No,Low,8.59,Yes
STU2082,Male,20,Electronics,8,6.8,96.5,4.6,0,No,Yes,No,Medium,9.09,Yes
STU2083,Female,21,Electronics,7,6.8,89.6,6.6,0,No,Yes,No,Low,9.57,Yes
STU2084,Female,19,Mechanical,7,3.9,84.2,5.8,0,Yes,Yes,No,Low,8.27,Yes
STU2085,Male,18,Computer Science,4,4.3,72.1,7.7,2,No,Yes,No,Medium,7.49,No
STU2086,Female,18,Civil,4,6.2,87,4.8,1,Yes,Yes,No,High,9.59,Yes
STU2087,Male,20,Mechanical,6,1,57.8,5.8,0,No,Yes,No,High,6.47,No
STU2088,Female,21,Electronics,2,3.4,75,8.7,1,No,Yes,No,Medium,7.34,No
STU2089,Male,18,Computer Science,4,6.7,85,5.4,1,Yes,No,No,Low,7.82,Yes
STU2090,Female,21,Computer Science,7,6,86.9,6.2,0,Yes,Yes,No,Low,9.03,Yes
STU2091,Female,19,Electrical,5,4.7,86,5,0,Yes,Yes,No,Medium,8.86,Yes
STU2092,Female,20,Civil,7,1,81.5,4.9,2,Yes,Yes,Yes,Low,5.93,No
STU2093,Male,22,Computer Science,7,3.9,75.7,8.4,1,Yes,Yes,No,Low,8.05,Yes
STU2094,Male,19,Electronics,6,2.8,84.5,6.7,0,No,Yes,No,Medium,7.9,No
STU2095,Male,20,Mechanical,2,4.7,66.6,6.7,0,Yes,Yes,Yes,Medium,7.53,No
STU2096,Male,18,IT,2,2.4,67.9,4.5,1,No,Yes,Yes,Low,7.11,Yes
STU2097,Male,18,Computer Science,4,1.9,78.7,6.9,1,No,Yes,No,Medium,6.96,No
STU2098,Female,19,Computer Science,8,0,80.1,7.9,1,No,Yes,No,Medium,6.57,Yes
STU2099,Male,18,IT,3,6.4,56.1,7.9,1,No,Yes,Yes,Medium,7.92,Yes
STU2100,Male,20,Computer Science,7,3.2,83.5,7.3,0,No,Yes,Yes,Low,7.76,Yes
STU2101,Female,20,Computer Science,1,4.3,87.3,5.1,0,No,Yes,No,High,8.6,Yes
STU2102,Female,20,Electrical,3,4,77.1,6.9,1,No,Yes,No,Medium,7.65,No
STU2103,Female,19,Mechanical,3,1.9,100,7.3,0,Yes,No,Yes,Low,9.06,Yes
STU2104,Female,19,Computer Science,2,1.5,69.8,4.3,2,No,Yes,No,Medium,6.62,No
STU2105,Male,20,Computer Science,2,2,73.7,5.2,0,No,Yes,No,Medium,7.76,Yes
STU2106,Male,22,Computer Science,6,2.6,73.3,7.6,1,No,Yes,Yes,Medium,7.15,Yes
STU2107,Female,18,Computer Science,6,4.7,77.1,7.6,0,No,Yes,No,Medium,7.35,No
STU2108,Female,21,IT,2,2.4,74.1,4.6,1,Yes,Yes,No,Medium,6.57,No
STU2109,Male,20,Electronics,5,7.5,61.1,7.5,1,No,Yes,No,Medium,8.33,Yes
STU2110,Female,20,Civil,5,6.1,71.4,6.6,0,No,Yes,No,Medium,8.73,Yes
STU2111,Male,20,Electrical,1,5.6,76.8,7.4,1,Yes,Yes,No,Low,8.35,Yes
STU2112,Male,18,Electronics,2,3.8,92.7,5.7,0,No,Yes,No,Low,8.86,Yes
STU2113,Male,18,Computer Science,4,7,100,7.3,0,Yes,Yes,No,Medium,9.98,Yes
STU2114,Female,20,Mechanical,6,3.6,94,7.5,1,No,Yes,Yes,Medium,8.71,Yes
STU2115,Female,19,Electrical,2,3.9,68.7,6.1,1,No,No,No,Low,7.36,No
STU2116,Male,22,IT,5,4.3,69.7,6.5,1,Yes,Yes,No,Medium,7.88,Yes
STU2117,Female,20,Computer Science,2,5.4,76.1,5.7,1,Yes,Yes,No,Low,8.4,Yes
STU2118,Male,18,Civil,5,5.3,99.4,8.5,2,Yes,No,No,Medium,8.42,Yes
STU2119,Male,21,Mechanical,2,3,76,6.4,0,No,Yes,No,Medium,8.66,Yes
STU2120,Female,19,Electrical,7,2.9,62.1,5.4,1,No,Yes,No,Low,7.51,Yes
STU2121,Female,20,Computer Science,4,5.3,72,5.6,0,Yes,Yes,No,Medium,7.78,Yes
STU2122,Female,20,Mechanical,8,5.4,87.1,6.7,0,Yes,No,No,High,8.9,Yes
STU2123,Female,22,IT,1,3.2,86.3,7.4,0,No,Yes,No,Low,8.21,Yes
STU2124,Female,21,Electronics,7,0.8,75.6,4.9,2,No,Yes,No,High,7.33,Yes
STU2125,Female,20,Electronics,4,3.6,86.2,8.7,1,Yes,Yes,No,Medium,7.72,Yes
STU2126,Male,20,Computer Science,5,5.2,50.7,6.9,1,Yes,Yes,No,Medium,7.09,No
STU2127,Male,22,Computer Science,6,7.6,79.2,7.1,0,No,No,No,Low,9.86,Yes
STU2128,Male,19,Electronics,6,1.6,88.3,6.4,1,No,Yes,No,Medium,7.44,No
STU2129,Male,18,Electrical,3,3.1,68,6.5,2,No,No,No,Medium,6.73,No
STU2130,Female,19,Computer Science,4,3.2,68,6.3,0,No,Yes,No,Medium,7.66,Yes
STU2131,Male,19,Electronics,2,6.7,55.6,7.7,0,No,Yes,No,High,9.41,Yes
STU2132,Male,20,Civil,1,3.9,97.1,6.5,0,No,No,Yes,Medium,8.12,Yes
STU2133,Male,20,Computer Science,2,2.2,69.4,7.4,1,No,Yes,Yes,Low,6.82,No
STU2134,Female,20,Electronics,2,5.1,80.9,6,0,Yes,Yes,No,Low,8.39,Yes
STU2135,Male,18,Civil,4,3.2,85.2,6.7,0,Yes,Yes,Yes,Low,8.82,Yes
STU2136,Female,21,IT,8,1.6,96.1,5.5,1,Yes,Yes,No,High,7.43,No
STU2137,Male,19,Mechanical,1,2.2,76.2,8,0,No,Yes,No,Low,7.06,No
STU2138,Male,20,Civil,3,7.5,71.5,5.5,1,No,No,No,Medium,8.25,Yes
STU2139,Female,20,Computer Science,7,4.8,80.1,6.1,0,Yes,Yes,Yes,Medium,9.71,Yes
STU2140,Female,19,Electrical,2,4.2,93.4,6.1,0,No,No,Yes,High,9.29,Yes
STU2141,Male,18,Computer Science,1,3.5,76,6.1,1,Yes,Yes,Yes,Medium,8.05,Yes
STU2142,Female,18,IT,3,4.6,66.5,7.4,1,Yes,Yes,Yes,High,7.82,Yes
STU2143,Female,21,Computer Science,7,4.6,59.5,6.1,1,Yes,Yes,No,Medium,8.51,Yes
STU2144,Male,22,Electrical,2,4.6,63.3,8.2,1,No,Yes,No,High,7.12,Yes
STU2145,Female,20,Civil,1,4.2,88.4,5.5,0,No,Yes,No,Low,8.96,Yes
STU2146,Female,18,IT,7,5.7,74.2,6.7,0,No,Yes,Yes,Low,8.55,Yes
STU2147,Female,20,Computer Science,4,4,70.7,5.6,0,No,Yes,No,Low,7.94,Yes
STU2148,Female,21,Electronics,8,2,69.4,7,2,No,Yes,No,Medium,6.87,Yes
STU2149,Female,21,Mechanical,6,2.8,79,6.5,2,No,Yes,Yes,Medium,6.8,No
STU2150,Female,18,IT,6,0,75.1,6.3,3,Yes,Yes,No,Low,5.06,No
STU2151,Female,18,Computer Science,2,8.1,74.7,7.9,0,Yes,Yes,No,Low,9.43,Yes
STU2152,Female,21,Electrical,2,5.7,94.2,5.7,0,Yes,Yes,No,Medium,7.97,Yes
STU2153,Female,19,IT,7,2.3,96.5,7.2,1,No,Yes,No,Low,8.05,Yes
STU2154,Female,19,Computer Science,1,3.4,58.7,5.6,1,Yes,Yes,No,Medium,6.54,Yes
STU2155,Female,18,IT,6,2.7,81.9,6.6,1,Yes,Yes,No,Low,8.53,Yes
STU2156,Male,20,Mechanical,2,7.1,68.7,5.1,1,No,Yes,No,Medium,8.44,Yes
STU2157,Female,21,Electronics,3,1.2,75,5.7,1,Yes,Yes,Yes,Medium,7.49,Yes
STU2158,Female,22,Electronics,2,4.2,81.7,6.4,0,No,Yes,No,Medium,7.34,Yes
STU2159,Male,20,Mechanical,6,3.8,75.4,8.7,0,No,No,No,Low,8.71,Yes
STU2160,Female,20,Civil,5,5.7,80.8,6.6,0,Yes,Yes,No,Low,9.53,Yes
STU2161,Male,18,Electronics,8,3.8,86.1,8.5,0,Yes,No,No,High,9.26,Yes
STU2162,Male,20,Mechanical,6,0.5,81.5,6.8,0,Yes,Yes,No,Medium,6.23,Yes
STU2163,Female,19,Civil,3,3.5,70.2,6,0,Yes,Yes,Yes,Medium,7.51,Yes
STU2164,Male,20,Civil,1,2.1,70.4,8.3,1,No,Yes,No,Medium,7.4,No
STU2165,Female,19,Computer Science,3,4.2,60.7,7,2,No,Yes,Yes,Low,7.12,No
STU2166,Female,19,IT,5,6.9,67.8,5.7,1,Yes,No,Yes,High,8.73,Yes
STU2167,Male,18,Electronics,5,0.5,100,7.1,0,Yes,No,No,Medium,7.31,No
STU2168,Male,19,Computer Science,2,2.4,68.5,6.1,0,No,No,No,Medium,8.45,Yes
STU2169,Male,18,Computer Science,2,2.9,63.7,4.1,0,Yes,No,No,High,9.06,Yes
STU2170,Female,19,Electronics,6,3.2,81.8,7.6,2,Yes,Yes,No,Low,7.2,No
STU2171,Female,22,IT,4,5.5,76.7,7.8,1,No,Yes,Yes,Medium,8.62,Yes
STU2172,Female,20,Electronics,8,3.7,75.7,8.7,0,No,Yes,No,High,8.28,No
STU2173,Male,20,Civil,3,4.8,94.9,7,1,No,Yes,Yes,Medium,9.2,Yes
STU2174,Female,21,Computer Science,6,2.7,84.6,6.2,0,No,Yes,No,Low,8.44,Yes
STU2175,Male,22,Electronics,4,4.5,71.6,7.5,2,Yes,Yes,No,Medium,6.74,Yes
STU2176,Female,20,Electrical,6,5.6,72.9,7.5,0,No,No,No,Low,8.43,No
STU2177,Male,21,IT,8,2.5,72,8.5,1,Yes,Yes,No,High,6.63,Yes
STU2178,Female,19,Computer Science,8,5.6,88.5,6.4,0,No,Yes,No,Low,10,Yes
STU2179,Male,19,Mechanical,5,4.1,74.3,6.3,2,No,Yes,No,Medium,7.62,Yes
STU2180,Female,20,Computer Science,2,6.1,56.5,5.6,2,Yes,Yes,No,Medium,7.19,Yes
STU2181,Male,20,Electronics,2,3.6,77.4,7.1,1,Yes,No,No,Low,7.26,Yes
STU2182,Female,20,IT,8,4.8,59.6,4.6,0,Yes,Yes,No,High,8.59,Yes
STU2183,Female,19,IT,6,3.9,100,7.4,0,Yes,No,Yes,Medium,9.28,Yes
STU2184,Male,18,Computer Science,8,3.8,66.4,7.2,3,Yes,Yes,No,Medium,7,No
STU2185,Female,20,Electrical,2,4.5,76.1,7.2,1,No,Yes,No,Low,7.7,Yes
STU2186,Female,18,Mechanical,1,5.1,81.1,6.7,1,No,No,Yes,Medium,8.43,No
STU2187,Male,20,Electronics,6,1.5,74.5,8.3,1,Yes,Yes,No,High,7,Yes
STU2188,Male,20,Mechanical,5,6.9,74.5,7.5,0,Yes,Yes,No,Medium,8.72,Yes
STU2189,Female,21,Mechanical,7,0.3,83.1,5.8,1,Yes,Yes,No,Medium,6,No
STU2190,Male,21,Mechanical,6,2.6,96.3,5.8,1,Yes,Yes,No,Low,7.87,Yes
STU2191,Female,21,Electronics,6,3.8,87.2,5.4,1,Yes,Yes,No,High,7.96,Yes
STU2192,Male,20,Mechanical,2,4.8,95.7,7.2,0,No,Yes,No,Medium,9.29,Yes
STU2193,Female,21,Computer Science,5,7.2,65.4,5.3,0,Yes,No,No,Medium,9.57,Yes
STU2194,Male,20,IT,6,0.3,81.8,7.8,0,No,Yes,No,Medium,8.03,Yes
STU2195,Female,19,Mechanical,2,3,79.9,8.1,0,No,Yes,No,Medium,7.59,Yes
STU2196,Female,18,Computer Science,8,0,82.2,5.4,2,No,No,No,High,6.29,No
STU2197,Female,19,IT,3,4.1,94.5,6.3,0,Yes,No,No,Medium,9.09,Yes
STU2198,Female,20,Electrical,5,4.5,75.4,6.5,1,No,Yes,No,High,7.72,Yes
STU2199,Male,20,Electrical,4,7.2,73.1,7.6,1,No,Yes,No,Medium,8.94,Yes
STU2200,Female,21,Electronics,1,4.2,84.4,8.4,1,Yes,Yes,No,Medium,7.91,Yes
STU2201,Male,19,Computer Science,4,6.1,56.7,4.5,2,Yes,Yes,No,High,8.76,Yes
STU2202,Male,18,Mechanical,7,5.2,75.2,6.1,1,No,Yes,No,Low,8.19,No
STU2203,Male,22,Computer Science,8,3.1,76.4,6.2,2,Yes,Yes,No,Medium,7.19,Yes
STU2204,Male,18,Electrical,5,1.2,67,4.8,0,No,Yes,No,Medium,6.84,Yes
STU2205,Female,20,Computer Science,6,4.6,90.7,5.9,1,Yes,Yes,No,High,7.93,Yes
STU2206,Female,20,Computer Science,2,1,65.3,7,2,Yes,Yes,Yes,Low,5.22,No
STU2207,Male,20,Electronics,7,6.6,76.4,6.2,0,Yes,Yes,No,Low,9.81,Yes
STU2208,Male,18,Electronics,5,3.7,81.5,4.6,1,Yes,Yes,Yes,Low,8.12,Yes
STU2209,Female,18,IT,1,6.4,94.2,9.9,1,No,Yes,Yes,Medium,8.94,Yes
STU2210,Male,18,Electronics,5,3,77.9,6.8,2,No,Yes,No,Low,6.41,No
STU2211,Male,20,Computer Science,7,4.5,89.2,6.6,0,No,Yes,No,Medium,8.8,Yes
STU2212,Male,20,Computer Science,2,4.4,86.4,5.2,1,No,Yes,No,High,7.73,Yes
STU2213,Female,19,Mechanical,4,3.9,79.5,6.8,0,Yes,Yes,No,Medium,8.16,No
STU2214,Female,20,Computer Science,3,3.1,64.9,6.3,1,No,Yes,No,Low,6.44,No
STU2215,Male,21,Mechanical,4,4.8,60.8,4.2,1,No,Yes,No,High,7.74,Yes
STU2216,Male,18,Mechanical,2,2.1,79.3,5.2,1,No,Yes,No,Medium,7.22,Yes
STU2217,Female,20,Civil,7,1.6,71.5,7.5,1,No,No,No,Low,7.52,No
STU2218,Female,20,Electrical,2,6.5,89,8.8,0,No,Yes,No,Medium,9.4,Yes
STU2219,Male,19,Electrical,8,5.5,87,6.9,0,Yes,Yes,Yes,Medium,8.81,Yes
STU2220,Female,19,Electrical,1,4.1,75.8,7.8,0,No,Yes,No,Medium,7.41,No
STU2221,Male,20,Computer Science,5,7.3,64.1,6.3,1,Yes,Yes,No,Medium,9.31,No
STU2222,Male,21,Computer Science,8,3.5,84.1,6.4,1,No,Yes,No,Low,8.26,No
STU2223,Female,21,Electronics,5,6.6,65.8,7.8,0,Yes,Yes,No,High,9.03,Yes
STU2224,Male,20,IT,4,4.4,68.9,8.5,0,No,Yes,No,Medium,7.55,No
STU2225,Female,21,Electrical,7,2,66.2,8.1,1,No,Yes,No,Medium,6.2,No
STU2226,Male,19,IT,3,7.7,76.3,5.2,1,No,Yes,No,Medium,8.65,Yes
STU2227,Male,20,Computer Science,3,6,92,6.4,0,No,Yes,Yes,Low,9.84,Yes
STU2228,Female,20,Electrical,1,3.8,77.9,6.8,0,No,Yes,No,Low,8.4,Yes
STU2229,Male,19,Electronics,2,5.5,72.7,6.2,0,No,Yes,No,Low,7.79,Yes
STU2230,Female,21,Computer Science,1,3.2,59.7,7,1,Yes,Yes,No,Low,7.41,Yes
STU2231,Male,20,Electronics,5,5.7,84.6,7.5,0,No,Yes,No,Low,8.56,Yes
STU2232,Male,19,Computer Science,6,0,68.6,7.7,1,No,No,No,Medium,5.94,No
STU2233,Male,22,Mechanical,6,2,79.4,8.5,1,No,Yes,Yes,Medium,7.8,Yes
STU2234,Female,18,Electronics,6,6,73.7,6.1,1,No,Yes,No,Medium,8.84,Yes
STU2235,Male,19,Electronics,2,3.5,88.1,4.9,0,Yes,Yes,No,Medium,8.89,Yes
STU2236,Female,18,Mechanical,1,4.4,76.1,6.9,1,Yes,Yes,No,High,7.89,Yes
STU2237,Male,21,IT,8,1.3,77.3,8.8,1,No,Yes,No,High,7.47,Yes
STU2238,Female,21,Civil,7,7.7,83.8,5.9,1,No,Yes,No,Low,8.81,Yes
STU2239,Male,19,Electronics,4,6.4,100,7.3,0,No,Yes,Yes,Medium,9.45,Yes
STU2240,Female,20,IT,5,3.6,88.7,7.3,1,No,Yes,No,Low,7.7,Yes
STU2241,Female,19,Electrical,6,3.2,76.9,6.7,1,No,Yes,No,Low,7.51,No
STU2242,Female,21,Computer Science,7,6.1,78,6.5,0,No,Yes,No,Medium,8.25,Yes
STU2243,Female,20,Mechanical,3,8,71.7,5.4,1,No,Yes,No,Medium,8.87,Yes
STU2244,Female,20,Computer Science,8,5.9,66.6,3.8,1,Yes,Yes,Yes,Medium,8.96,Yes
STU2245,Female,22,Computer Science,1,8.3,71.4,5.2,1,No,Yes,Yes,Medium,8.44,Yes
STU2246,Male,19,Civil,5,2.2,68.7,6,0,No,Yes,No,Low,6.65,Yes
STU2247,Male,18,IT,5,2.4,85.8,7.8,0,No,No,No,High,7.2,Yes
STU2248,Female,20,Computer Science,3,1.6,65.1,6.4,1,Yes,No,No,Low,8.28,Yes
STU2249,Female,22,IT,8,4.9,94,5.9,0,Yes,No,No,Low,9.17,Yes
STU2250,Female,19,IT,3,4.4,87,5.4,0,No,Yes,No,Low,8.39,Yes
STU2251,Male,18,Electrical,3,3.7,78.2,7.3,0,Yes,Yes,No,High,8.26,Yes
STU2252,Male,19,Computer Science,6,5.6,78,8.1,1,Yes,Yes,Yes,Medium,8.56,Yes
STU2253,Male,20,Electrical,8,6.5,71.3,7.8,0,Yes,Yes,No,Medium,8.71,Yes
STU2254,Female,19,Electronics,6,0.9,81.2,7.2,0,No,Yes,No,Medium,6.99,No
STU2255,Male,20,Mechanical,1,2.8,91.1,4.7,1,No,Yes,No,Medium,7.44,No
STU2256,Male,22,Computer Science,3,5.6,69.6,6.1,0,No,Yes,No,High,8.22,No
STU2257,Male,20,Computer Science,4,3.1,59.6,8.8,0,Yes,Yes,No,Medium,7.48,Yes
STU2258,Male,19,Civil,5,2.4,86.4,7.8,0,No,Yes,Yes,High,8.17,Yes
STU2259,Female,20,Electronics,8,6,81.9,4.7,0,No,Yes,No,Medium,8.37,Yes
STU2260,Male,18,Computer Science,3,1.4,64.6,6.4,0,Yes,Yes,No,Medium,8.67,Yes
STU2261,Female,21,Computer Science,8,3.4,69.2,6.9,2,Yes,Yes,No,Medium,7.37,No
STU2262,Male,20,Civil,5,4.7,67.7,5.6,0,No,Yes,No,High,7.52,No
STU2263,Male,19,Computer Science,2,2.9,69.3,3.7,0,No,Yes,No,Medium,6.1,No
STU2264,Male,20,IT,7,5.6,74.1,6.6,0,No,Yes,No,Medium,8.36,Yes
STU2265,Male,20,Computer Science,2,2.9,74.8,5.6,0,Yes,Yes,No,Medium,8.2,Yes
STU2266,Male,20,Computer Science,3,6.8,70.2,5.6,1,No,Yes,No,Medium,8.86,No
STU2267,Male,18,Electronics,5,3.7,68.9,6.1,0,No,Yes,No,Low,7.91,Yes
STU2268,Female,21,Electronics,7,5.3,75.3,6.3,1,No,Yes,No,Medium,7.82,No
STU2269,Male,22,Electronics,2,5.5,80,6.5,0,No,No,Yes,Medium,8.31,Yes
STU2270,Female,20,Electronics,3,2.7,74.2,5.4,1,No,Yes,No,Low,6.96,No
STU2271,Female,22,Electrical,5,0,91.9,6.2,0,No,Yes,No,Medium,6.54,No
STU2272,Female,19,Mechanical,3,4.7,84.1,4.4,0,Yes,Yes,Yes,Medium,8.31,Yes
STU2273,Male,20,Computer Science,6,4.1,58.9,6.9,1,No,Yes,No,Low,8.26,Yes
STU2274,Male,20,Electronics,5,5.1,84.3,3.1,0,Yes,Yes,No,Low,8.16,Yes
STU2275,Male,20,IT,2,3.5,85.3,6.2,1,No,Yes,No,High,8.11,Yes
STU2276,Male,20,Electronics,3,3.1,72.8,7.6,1,Yes,Yes,No,Medium,7.88,Yes
STU2277,Female,19,Computer Science,8,8,60.1,5.2,0,No,Yes,No,Low,8.61,Yes
STU2278,Male,18,IT,2,1.1,78.1,7.4,1,Yes,Yes,Yes,High,6.31,No
STU2279,Male,19,Mechanical,3,5.5,77.9,7.9,2,No,Yes,No,Medium,8.52,Yes
STU2280,Female,19,Mechanical,8,2.9,64.5,3,1,Yes,Yes,Yes,Medium,6.4,Yes
STU2281,Female,21,Computer Science,8,3.3,60.6,6.3,2,No,No,No,Medium,6.65,Yes
STU2282,Female,19,Computer Science,1,3.4,76.9,3,0,No,Yes,No,Low,9.1,Yes
STU2283,Male,18,Mechanical,8,2.4,75.2,6.4,1,No,Yes,No,High,7.75,Yes
STU2284,Male,20,Computer Science,2,5.1,73,6.5,2,Yes,Yes,No,Medium,7.62,Yes
STU2285,Male,20,Mechanical,2,6.8,77,3.5,0,No,Yes,No,Medium,9.6,Yes
STU2286,Male,21,Mechanical,4,4.9,64.8,8.8,2,Yes,Yes,Yes,High,7.42,No
STU2287,Male,20,Computer Science,7,4.2,72.8,6.8,0,No,No,No,Low,8.88,Yes
STU2288,Male,19,Electrical,6,2,84.4,5.5,2,No,Yes,No,Low,5.44,No
STU2289,Male,21,IT,2,5,73.8,8.3,0,No,Yes,No,Low,8.56,Yes
STU2290,Male,20,Civil,5,8.3,57.9,4.3,0,Yes,No,Yes,Low,8.03,No
STU2291,Male,18,Computer Science,7,3.2,72.3,5,2,Yes,No,No,Medium,6.91,Yes
STU2292,Female,20,Computer Science,8,3.2,65.2,3.7,0,No,Yes,No,Medium,7.47,No
STU2293,Female,22,Electronics,3,2.9,81.2,8.7,0,Yes,Yes,Yes,Low,8.89,Yes
STU2294,Female,19,Computer Science,1,3,81.8,6.9,0,No,Yes,No,Low,8.46,Yes
STU2295,Male,19,Electrical,5,0,58.1,7.3,1,No,Yes,No,Low,5.71,Yes
STU2296,Male,18,Computer Science,7,4.8,87.1,6.9,2,No,No,No,High,7.52,Yes
STU2297,Male,19,Electronics,5,2.3,64.7,7.2,0,No,Yes,Yes,Medium,7.69,No
STU2298,Female,20,Electronics,5,0.8,96.7,6.6,1,Yes,Yes,Yes,Medium,6.7,Yes
STU2299,Female,20,Mechanical,5,5.5,77.4,6.8,0,No,Yes,No,Medium,8.79,Yes
STU2300,Male,18,Computer Science,7,1.8,63,6.6,1,No,Yes,Yes,Medium,7.51,Yes
STU2301,Female,22,Electronics,1,3.3,64.3,5.8,0,Yes,Yes,Yes,Low,7.23,Yes
STU2302,Male,21,Computer Science,8,6.9,82.2,6.4,0,Yes,Yes,No,High,9.11,Yes
STU2303,Male,20,IT,4,1.2,73.3,6.8,0,No,Yes,No,Medium,7.04,No
STU2304,Female,21,Computer Science,6,0.9,76.8,6.6,1,Yes,Yes,No,Medium,8.58,Yes
STU2305,Female,18,Electrical,8,4.5,97.4,4.7,1,No,Yes,No,Medium,8.62,Yes
STU2306,Female,20,IT,2,6.3,69.6,4.9,1,Yes,Yes,No,Medium,9.02,Yes
STU2307,Female,20,Computer Science,7,0.9,78.7,7.8,0,Yes,Yes,No,Low,7.74,Yes
STU2308,Male,21,IT,5,4.8,95,6.1,0,Yes,Yes,No,Low,9.39,Yes
STU2309,Female,21,Computer Science,8,5.2,81.2,7.2,1,Yes,Yes,No,Medium,8.59,Yes
STU2310,Male,19,Electrical,2,0,58.7,5.2,0,No,Yes,No,Low,6.65,No
STU2311,Female,22,Mechanical,7,5.6,84.1,4.7,0,Yes,Yes,Yes,Low,8.01,Yes
STU2312,Male,18,Electronics,2,5.8,64,5.5,0,No,Yes,No,Medium,8.8,No
STU2313,Female,21,Electronics,5,3.4,94.9,6.2,1,No,Yes,No,High,7.83,Yes
STU2314,Male,22,Computer Science,4,6.5,68.1,5.7,1,No,Yes,Yes,High,8.75,Yes
STU2315,Female,19,Electrical,7,6.3,100,8.1,0,Yes,Yes,No,Low,9.57,Yes
STU2316,Male,21,Computer Science,2,4.2,95.6,6.7,0,No,Yes,Yes,Low,9.17,Yes
STU2317,Female,18,Civil,3,3.1,68.4,8.7,0,Yes,Yes,No,Medium,8.45,Yes
STU2318,Male,20,Electronics,2,2.1,78.2,7,2,No,No,No,High,4.9,No
STU2319,Male,20,Electrical,6,3.9,87,3.6,0,No,Yes,No,High,8.02,No
STU2320,Male,20,Computer Science,5,5.1,87.4,7.8,1,Yes,Yes,Yes,High,7.31,Yes
STU2321,Male,22,Mechanical,1,3.4,83.3,4.7,1,No,Yes,No,Medium,7.73,No
STU2322,Female,20,Electronics,2,0,93,6.8,0,Yes,Yes,Yes,Low,7.02,No
STU2323,Male,20,Civil,4,6.5,76.5,5.6,0,No,Yes,No,Low,9.9,Yes
STU2324,Female,21,Computer Science,3,4.4,73.6,9.1,2,Yes,Yes,No,Low,7.59,Yes
STU2325,Male,22,Computer Science,3,3.2,73.8,8.2,1,No,Yes,No,Medium,7.21,No
STU2326,Male,18,Computer Science,1,5.7,88.3,5.6,1,No,Yes,No,Low,9.1,Yes
STU2327,Female,22,Civil,8,7,82.4,6.3,0,Yes,Yes,No,Medium,9.22,Yes
STU2328,Female,18,Computer Science,6,0,81.5,6.8,1,No,Yes,No,Medium,6.17,No
STU2329,Male,21,Mechanical,1,4.9,87.5,7.5,1,No,No,No,Low,8.58,Yes
STU2330,Female,19,Computer Science,6,1.1,53.4,6.5,2,No,Yes,No,High,6.75,No
STU2331,Female,18,IT,2,5,81.7,5.3,0,No,Yes,No,Medium,9.16,Yes
STU2332,Male,20,Electrical,5,4.3,80.6,5.6,1,No,Yes,No,High,8.24,Yes
STU2333,Female,20,Mechanical,4,5.3,98,6.5,0,Yes,Yes,No,High,10,Yes
STU2334,Female,19,Electronics,3,3,59.7,8,0,No,Yes,Yes,Low,7.2,No
STU2335,Female,18,Computer Science,1,0.3,96.7,7,0,No,Yes,No,Medium,6.94,Yes
STU2336,Male,20,Computer Science,4,3.1,78.9,5.6,0,No,Yes,No,Low,8.03,Yes
STU2337,Female,22,Computer Science,6,4.8,83.9,7.3,0,No,Yes,Yes,Medium,9.63,Yes
STU2338,Male,19,Civil,5,6,98.1,6,0,Yes,Yes,No,Medium,8.8,Yes
STU2339,Male,19,Mechanical,3,1.7,84.7,7.6,2,Yes,Yes,No,High,7.72,Yes
STU2340,Male,20,Electrical,3,6.1,82.8,9.5,1,Yes,Yes,No,Low,7.9,Yes
STU2341,Male,18,Electronics,6,2.7,80.9,6.1,1,Yes,Yes,No,Medium,7.3,Yes
STU2342,Female,21,Civil,5,4.7,72.2,7.5,3,Yes,Yes,No,High,7.07,No
STU2343,Female,21,Electronics,3,3,77.7,5.6,0,No,Yes,No,Medium,7.35,No
STU2344,Female,20,Mechanical,5,4.4,69.4,6.4,1,Yes,No,No,Low,7.38,Yes
STU2345,Male,19,Computer Science,3,5.8,77.5,6.5,1,No,Yes,No,Medium,8.88,Yes
STU2346,Male,21,Electronics,2,1.5,50,6.3,0,Yes,Yes,No,Low,7.7,Yes
STU2347,Male,20,Electronics,6,2.6,83.1,9.5,1,No,Yes,No,Low,6.28,No
STU2348,Female,21,Civil,5,4.4,76.5,6.1,0,No,Yes,No,Medium,8.48,Yes
STU2349,Male,20,Electrical,4,8.8,74,7.2,0,Yes,Yes,No,Low,9.85,Yes
STU2350,Female,21,Electronics,8,2.3,80.6,4.2,0,No,Yes,Yes,Medium,7.69,Yes
STU2351,Female,20,Computer Science,2,8.1,60.8,7,2,No,Yes,No,Medium,8.21,Yes
STU2352,Male,20,Electronics,7,8,100,7.9,0,No,Yes,Yes,Medium,9.42,Yes
STU2353,Female,22,Mechanical,4,3.8,76.8,5.9,1,Yes,Yes,No,Low,8.59,Yes
STU2354,Male,20,Computer Science,6,3.4,76.2,3.5,1,No,Yes,No,Low,8.08,Yes
STU2355,Female,20,IT,3,2.6,66.4,6.5,0,No,Yes,No,Low,7.5,Yes
STU2356,Female,19,Electrical,7,3.9,78.3,6.5,1,Yes,Yes,No,Low,7.46,Yes
STU2357,Male,20,Electrical,4,1.2,94.6,7.4,0,No,Yes,No,Medium,7.32,No
STU2358,Male,20,Computer Science,2,3.8,90.4,8.9,0,Yes,Yes,No,Medium,7.03,Yes
STU2359,Female,19,IT,7,7,88.3,6,1,Yes,No,Yes,High,9.23,Yes
STU2360,Female,18,Civil,7,2.8,84.6,5.5,0,No,Yes,No,Medium,8.42,Yes
STU2361,Male,20,Electronics,5,3.5,73.7,5.1,0,No,Yes,No,Low,8.04,Yes
STU2362,Female,21,Mechanical,1,0.6,60.6,6.7,2,Yes,Yes,No,Low,5.71,No
STU2363,Female,20,IT,4,4.7,75.6,7.1,1,No,Yes,Yes,High,8.09,No
STU2364,Female,19,Electronics,1,4.5,75.2,5.8,1,Yes,No,No,Medium,7.36,Yes
STU2365,Male,20,Electronics,6,4.1,90.6,7.4,0,Yes,Yes,No,Medium,8.32,Yes
STU2366,Female,18,Electronics,4,3.6,81.7,7.1,0,No,Yes,No,Low,8.15,Yes
STU2367,Female,20,Mechanical,4,3.4,97.3,6.6,1,No,Yes,No,Low,8.38,Yes
STU2368,Male,19,Computer Science,5,5,92.4,5.4,1,Yes,Yes,No,Low,9.2,Yes
STU2369,Male,19,Electrical,3,3.9,72.5,5.9,1,Yes,Yes,No,High,7.47,Yes
STU2370,Female,19,Civil,2,4.6,56.5,3.6,3,No,Yes,No,Low,5.79,No
STU2371,Male,19,Mechanical,2,4.4,94.6,6.8,2,No,Yes,No,Medium,7.79,No
STU2372,Female,18,Computer Science,2,6.2,94.3,6.5,0,No,Yes,No,Medium,10,Yes
STU2373,Male,19,Mechanical,8,5.4,61.6,6.7,1,Yes,Yes,No,Medium,7.38,No
STU2374,Male,20,Computer Science,6,4.4,96.1,7.1,0,No,No,No,Low,9.35,Yes
STU2375,Female,20,Computer Science,7,7,82.6,7,0,No,Yes,No,Medium,10,Yes
STU2376,Male,19,Mechanical,3,4.8,79.9,6.4,0,No,Yes,No,Low,8.38,Yes
STU2377,Male,21,Electronics,1,6.6,97.4,6.6,0,No,No,No,High,9.17,Yes
STU2378,Male,18,Mechanical,2,5.2,94.1,4.8,1,No,Yes,No,Low,8.79,Yes
STU2379,Female,20,Computer Science,8,0.3,85.8,5.8,1,Yes,Yes,No,Low,6.82,No
STU2380,Male,18,Electronics,1,6.6,83.7,6.6,1,Yes,Yes,No,Medium,9.23,Yes
STU2381,Male,18,Computer Science,3,4.3,85.4,5.6,0,Yes,Yes,No,High,9.74,Yes
STU2382,Female,20,Electrical,6,3.9,73.2,7.5,0,Yes,Yes,Yes,Low,8.3,Yes
STU2383,Male,20,Mechanical,3,4.6,77.3,5.7,0,No,Yes,Yes,Medium,7.73,Yes
STU2384,Female,21,Civil,5,3.3,67.2,6.8,0,No,Yes,No,Low,7.88,Yes
STU2385,Male,20,Electronics,7,4.5,74,6.6,1,Yes,Yes,No,Low,8.03,No
STU2386,Female,22,Computer Science,2,2.8,73.6,7.4,0,No,Yes,No,Medium,8.58,Yes
STU2387,Male,18,Electrical,6,6.5,70.4,7.6,1,No,Yes,No,Low,8.44,Yes
STU2388,Female,18,Computer Science,5,3.8,79.6,7.3,0,Yes,Yes,No,Medium,8.04,Yes
STU2389,Male,18,Electronics,2,3.2,74.1,4,0,No,Yes,Yes,Medium,6.98,No
STU2390,Male,19,Mechanical,3,2.2,84,7.9,0,No,Yes,Yes,High,8.17,Yes
STU2391,Male,20,Computer Science,3,4.5,58.5,8.3,2,Yes,No,No,Low,9.17,Yes
STU2392,Male,20,IT,8,4.4,76.6,5.9,0,Yes,Yes,No,Medium,8.23,Yes
STU2393,Male,18,Mechanical,4,4.8,79.6,6.8,0,Yes,Yes,Yes,High,8.88,Yes
STU2394,Male,22,Computer Science,4,1.9,74.3,5.4,2,Yes,Yes,No,Medium,6.09,No
STU2395,Female,21,Computer Science,3,0.8,75.9,4.2,3,Yes,Yes,No,Low,4.74,No
STU2396,Male,19,Computer Science,3,5.3,59,5.6,1,No,Yes,No,Medium,8.08,Yes
STU2397,Male,18,IT,1,7,82.3,5.9,0,No,Yes,No,High,9.41,Yes
STU2398,Female,19,Civil,8,1.9,85.8,6.1,0,No,Yes,Yes,Medium,6.25,No
STU2399,Female,18,Computer Science,7,7.2,83.9,5.3,2,Yes,No,No,High,9.43,Yes
STU2400,Male,18,Computer Science,1,4.6,90.5,5.6,1,Yes,Yes,No,Medium,8.45,No
STU2401,Male,20,Civil,7,4,80.4,6.5,1,No,Yes,No,Low,7.88,Yes
STU2402,Male,19,Mechanical,5,3.2,83.7,5.6,0,No,Yes,No,Low,7.82,Yes
STU2403,Female,19,Electronics,4,1.2,79.9,7.2,0,Yes,Yes,No,Low,7.62,Yes
STU2404,Female,22,Electronics,4,6,86.3,7.3,0,Yes,Yes,Yes,Low,9.46,Yes
STU2405,Male,20,Computer Science,8,2.4,59.1,9.4,1,No,Yes,No,High,7.23,Yes
STU2406,Female,22,Civil,3,2.4,67.3,7.9,0,Yes,No,No,Medium,8.22,Yes
STU2407,Female,18,Electrical,3,6,97,6.8,2,Yes,Yes,No,Medium,9.16,Yes
STU2408,Female,19,Computer Science,5,0.2,48.5,5.8,0,No,Yes,No,Medium,7.53,No
STU2409,Female,20,Mechanical,6,1,76.3,6.9,1,Yes,Yes,No,Medium,6.22,Yes
STU2410,Male,18,Electronics,6,4,92.1,6.9,0,Yes,Yes,No,Low,8.24,Yes
STU2411,Male,18,Electronics,8,4.6,76.9,5.9,1,No,Yes,No,High,8.16,No
STU2412,Male,20,Computer Science,6,5,73.1,7.4,0,No,Yes,No,Medium,8.11,Yes
STU2413,Male,20,IT,4,3.4,79.6,4.8,1,No,Yes,No,Medium,7.15,Yes
STU2414,Male,20,Electronics,1,9.1,73.8,6.2,0,No,Yes,No,High,10,Yes
STU2415,Female,20,Mechanical,6,3.5,78.4,7.2,0,Yes,No,No,Medium,8.69,Yes
STU2416,Male,20,Electronics,2,3.5,69.8,6.2,2,Yes,Yes,No,High,7.7,Yes
STU2417,Male,18,Computer Science,8,2.4,91.3,6.3,1,No,Yes,Yes,High,7.37,Yes
STU2418,Male,19,Computer Science,5,4.2,95.1,6.3,2,No,No,No,Low,7.96,Yes
STU2419,Female,19,Civil,6,5.2,76.4,5.5,2,Yes,No,No,Low,7.77,Yes
STU2420,Male,18,Computer Science,2,6.4,61.4,7.9,2,Yes,Yes,No,High,7.87,Yes
STU2421,Male,22,Civil,6,1,71.7,5.3,0,Yes,Yes,No,Medium,6.56,No
STU2422,Male,20,Electronics,1,3.5,75.8,6.9,0,No,Yes,No,Low,7.52,No
STU2423,Male,21,Electronics,1,4.9,84.1,7,2,Yes,Yes,No,Medium,8.15,Yes
STU2424,Female,19,Electronics,6,5.2,65.9,5.4,1,No,Yes,No,Medium,7.41,Yes
STU2425,Female,19,Electronics,8,4,68.8,6.6,0,Yes,No,Yes,Medium,7.04,No
STU2426,Male,19,Computer Science,8,5.1,84.1,5.4,1,No,Yes,No,High,8.22,Yes
STU2427,Female,18,Electronics,2,2.4,89.3,8.2,0,No,Yes,No,High,8.91,Yes
STU2428,Female,19,Civil,5,7.1,70.5,5.1,1,No,Yes,No,High,6.97,No
STU2429,Female,21,Civil,2,6,62,5.7,1,No,Yes,No,Low,7.95,No
STU2430,Male,20,Computer Science,5,1.3,100,5,1,No,Yes,No,Medium,7.61,No
STU2431,Male,20,Electronics,6,1.8,87.4,4.9,0,Yes,Yes,Yes,Low,6.53,No
STU2432,Male,20,Computer Science,5,1.9,74.8,8.4,1,Yes,Yes,No,Low,6.95,Yes
STU2433,Female,22,Computer Science,3,5.4,88.4,7.2,0,No,Yes,No,High,8.33,No
STU2434,Male,18,Computer Science,4,1.4,76.5,6.7,1,No,Yes,Yes,Medium,6.25,No
STU2435,Male,19,IT,7,3.3,88.4,5.7,0,No,Yes,No,High,7.97,No
STU2436,Male,19,Computer Science,4,4.9,79.9,7.6,0,No,Yes,No,Low,8.02,Yes
STU2437,Female,21,Computer Science,1,3.9,79.1,5.5,1,No,Yes,No,High,7,Yes
STU2438,Male,22,Computer Science,3,4.5,76.6,7.5,1,No,No,No,Low,7.95,No
STU2439,Female,19,Computer Science,4,1.9,60.6,5.5,2,No,No,Yes,Low,7.49,No
STU2440,Female,21,Mechanical,6,5.2,100,5.7,0,No,Yes,No,Medium,9.56,Yes
STU2441,Male,21,Computer Science,5,2.8,66.7,7.4,0,No,Yes,No,Medium,8.29,Yes
STU2442,Female,19,Computer Science,5,3.4,61.7,7.5,1,No,Yes,No,Medium,7.78,No
STU2443,Male,19,Mechanical,2,4.5,75.4,7.2,1,No,No,No,High,7.52,Yes
STU2444,Female,20,Electronics,2,4.2,66.5,5.2,0,No,Yes,No,Medium,8.25,Yes
STU2445,Male,22,Civil,8,4,77.4,6,1,No,Yes,No,Low,8.41,No
STU2446,Female,19,Mechanical,5,2.5,86.3,6.7,0,No,Yes,No,Low,8.43,Yes
STU2447,Female,21,Computer Science,8,3.4,89.9,5.5,0,Yes,Yes,No,Medium,8.38,Yes
STU2448,Female,19,Civil,6,4,87.8,8.1,2,No,Yes,No,Medium,7.87,Yes
STU2449,Female,21,Computer Science,5,1.2,74.3,3.6,2,Yes,Yes,No,Medium,7.56,Yes
STU2450,Male,20,Mechanical,2,3.1,78.6,5.6,1,Yes,Yes,No,Low,7.94,No
STU2451,Female,20,Electronics,4,4.8,82.9,5.9,1,Yes,Yes,Yes,Medium,7.94,Yes
STU2452,Female,21,Computer Science,8,1.4,56.9,3.1,2,Yes,Yes,No,Low,5.74,No
STU2453,Female,21,Mechanical,8,6.3,84.8,4.8,2,No,Yes,No,Medium,7.51,No
STU2454,Male,21,IT,1,6.5,60.5,7.3,1,No,Yes,No,Medium,9.76,Yes
STU2455,Female,18,Electrical,2,1.5,100,6.5,1,No,Yes,No,Low,8.31,Yes
STU2456,Female,20,Mechanical,6,6.7,73.1,8.4,0,Yes,Yes,No,High,9.28,Yes
STU2457,Female,18,Electronics,8,3.7,75.8,8.4,0,Yes,No,No,Medium,9.54,Yes
STU2458,Male,20,Computer Science,4,4.8,68.8,7,0,Yes,Yes,No,Medium,8.79,Yes
STU2459,Female,20,Computer Science,4,3,70.4,6.9,1,No,Yes,No,Medium,7.04,No
STU2460,Male,20,Electronics,4,5.8,100,6.6,1,No,Yes,No,High,9.4,Yes
STU2461,Female,20,Electronics,3,4.8,89.3,3.3,1,No,No,No,Medium,8.37,Yes
STU2462,Male,22,Electrical,3,2.4,59.4,4.8,0,Yes,Yes,No,Medium,7.77,Yes
STU2463,Female,18,Electronics,7,1.7,96.1,6.6,1,No,Yes,No,Low,6.53,Yes
STU2464,Female,20,Electronics,4,1.1,92.3,7.2,0,Yes,Yes,No,Low,7.1,No
STU2465,Male,19,Electronics,8,4.4,74.6,6.8,0,No,Yes,No,Low,9.27,Yes
STU2466,Female,18,IT,6,5.1,81.7,5.4,2,No,Yes,No,High,8.7,Yes
STU2467,Male,19,Civil,5,5.3,77.8,7.6,0,Yes,No,No,Medium,9.64,Yes
STU2468,Female,22,Mechanical,6,3.8,100,8.3,1,Yes,Yes,No,High,9.58,Yes
STU2469,Female,21,Electronics,3,1.7,68.4,7.6,0,Yes,No,Yes,Low,7.69,Yes
STU2470,Female,22,IT,2,2.6,79.8,7.7,1,No,Yes,No,Medium,7.7,Yes
STU2471,Female,22,Computer Science,8,6.3,72.9,5.8,1,No,No,No,High,7.91,Yes
STU2472,Female,19,IT,7,3,60.8,7.8,0,No,Yes,No,Low,7.31,Yes
STU2473,Male,19,Mechanical,3,4.3,100,6.7,0,No,Yes,No,Medium,7.65,Yes
STU2474,Male,20,Electronics,5,1.8,63.8,7.1,0,No,Yes,No,High,7.07,No
STU2475,Female,20,Electronics,1,4.7,80.6,6.9,1,No,Yes,No,High,6.87,Yes
STU2476,Female,20,Civil,7,3.1,57.1,6.4,3,No,Yes,No,High,6.7,No
STU2477,Female,19,Computer Science,3,6.1,73.2,5.5,1,Yes,Yes,Yes,High,8.61,Yes
STU2478,Female,20,IT,6,5.5,83.1,6.4,2,Yes,Yes,No,Medium,6.69,No
STU2479,Male,20,Electronics,7,3,68.1,7.7,2,No,Yes,No,Low,6.68,No
STU2480,Female,19,Electronics,8,3.7,85,6,1,No,Yes,No,Medium,8.98,Yes
STU2481,Male,20,Computer Science,6,2.9,74.8,7.6,1,No,Yes,No,High,7.32,No
STU2482,Male,20,Electronics,4,1.2,91.9,7.4,1,No,No,No,Medium,6.53,No
STU2483,Male,20,Electronics,4,2.3,94.3,6.1,0,Yes,No,No,Low,6.92,Yes
STU2484,Male,19,Electronics,4,4.4,71,8.2,1,Yes,Yes,No,Medium,6.82,No
STU2485,Male,21,Civil,7,4.7,78.9,6.1,0,No,Yes,No,Medium,8.85,Yes
STU2486,Male,18,Electronics,1,4.3,80.2,8.3,0,No,Yes,No,Low,8.26,Yes
STU2487,Female,19,Electrical,5,3.4,85.4,7,2,Yes,Yes,No,Medium,7.04,No
STU2488,Male,21,Mechanical,8,5.9,78.2,6.5,0,No,Yes,No,Medium,8.7,Yes
STU2489,Male,20,IT,7,4.1,80.3,5.4,2,Yes,Yes,No,Medium,7.23,Yes
STU2490,Male,19,Computer Science,2,5.4,75.1,6.4,1,No,Yes,No,Medium,7.48,Yes
STU2491,Male,20,Electronics,8,0.5,79.4,6.3,0,No,Yes,Yes,Low,7.27,Yes
STU2492,Male,20,Electronics,6,0,93.6,5,1,Yes,Yes,No,Medium,5.77,No
STU2493,Male,21,Mechanical,6,4.6,85.8,6.2,1,Yes,No,No,Medium,7.68,Yes
STU2494,Female,21,IT,7,1.2,86.4,5.5,0,Yes,Yes,No,Medium,8.03,Yes
STU2495,Female,20,Computer Science,7,3.6,86.7,7.2,1,No,Yes,Yes,Low,8.08,Yes
STU2496,Female,20,Computer Science,5,3.4,76.2,8.1,1,No,Yes,No,Medium,8.03,Yes
STU2497,Male,18,IT,1,7.2,81.8,5,0,Yes,Yes,Yes,Medium,10,Yes
STU2498,Male,19,Computer Science,7,4.8,65,8.6,0,No,Yes,Yes,High,8.37,Yes
STU2499,Female,20,Civil,4,4.3,93.2,6.3,0,Yes,Yes,No,Medium,8.7,Yes
STU2500,Male,20,Mechanical,5,5.7,44.6,5.3,0,Yes,Yes,No,High,7.99,Yes
STU2501,Male,20,IT,2,4.7,77,7.4,0,Yes,Yes,No,Medium,8.29,Yes
STU2502,Male,19,Computer Science,4,3.1,91.7,6,1,Yes,Yes,No,Medium,7.11,No
STU2503,Male,18,Computer Science,2,6.1,61.6,6.4,0,No,Yes,Yes,Low,8.74,Yes
STU2504,Male,20,Mechanical,3,1.8,82.8,6,2,Yes,Yes,No,Medium,6.8,Yes
STU2505,Male,19,Electrical,2,4.6,69.8,5.5,0,No,Yes,No,Medium,8.53,Yes
STU2506,Female,21,Electronics,4,0.9,73.6,7.4,1,No,Yes,Yes,Medium,6.7,No
STU2507,Male,18,Electronics,3,4.4,89.4,6.2,1,No,Yes,No,Medium,8.69,Yes
STU2508,Female,20,Mechanical,4,4.4,80.4,4.8,2,Yes,Yes,No,Low,7.41,No
STU2509,Female,22,Electrical,6,7.4,53.6,7.2,1,No,Yes,No,Low,8.28,Yes
STU2510,Female,19,IT,4,0.9,66.3,5.1,1,No,Yes,No,High,5.84,No
STU2511,Female,20,Electrical,3,2.8,89.7,5.1,2,Yes,Yes,No,Low,6.1,No
STU2512,Female,18,Computer Science,2,5.6,83.4,7.9,0,No,Yes,No,Low,9.9,Yes
STU2513,Male,20,Computer Science,6,4.7,99,5.1,0,No,Yes,No,High,8.46,No
STU2514,Male,20,Mechanical,1,4.4,98.2,3.7,0,No,Yes,No,Medium,8.13,No
STU2515,Male,20,IT,1,2.1,73.9,7.2,1,No,Yes,No,Low,6.82,No
STU2516,Female,20,Computer Science,8,2.8,100,6.1,0,No,Yes,Yes,Low,8.12,Yes
STU2517,Female,21,Computer Science,1,6.5,78.3,6.2,1,No,Yes,No,Low,9.63,Yes
STU2518,Male,19,IT,1,3.9,66.4,6.1,1,Yes,Yes,Yes,Medium,7.3,Yes
STU2519,Female,18,Computer Science,5,4.8,70.4,6.8,2,Yes,Yes,No,Medium,9.01,Yes
STU2520,Male,21,Electronics,1,3.8,50.9,5.6,0,No,Yes,Yes,Low,7.67,Yes
STU2521,Female,20,Mechanical,3,1.6,97.3,8.3,0,Yes,Yes,No,High,9.16,Yes
STU2522,Male,21,Mechanical,7,5.9,97.1,4.7,0,No,Yes,No,Low,9.78,Yes
STU2523,Male,20,Civil,1,5,65.8,7,0,No,No,No,Low,8.63,Yes
STU2524,Male,21,Electronics,4,8.6,75.3,7.3,1,No,Yes,Yes,High,10,Yes
STU2525,Male,20,Mechanical,7,2,79.1,5.6,1,No,Yes,No,Low,7.74,Yes
STU2526,Male,21,Mechanical,1,5.6,66.5,5.3,1,No,Yes,No,High,8.44,Yes
STU2527,Male,22,Mechanical,7,1.4,56.9,7.7,2,Yes,Yes,No,Medium,7.4,Yes
STU2528,Female,20,Mechanical,2,4.3,75.5,5.3,2,Yes,Yes,No,Low,6.98,Yes
STU2529,Male,19,Computer Science,3,6,74.1,5.8,0,No,Yes,No,Medium,8.28,No
STU2530,Male,19,Computer Science,3,0,73.3,7.6,3,No,Yes,Yes,Medium,4.94,No
STU2531,Female,19,Computer Science,8,3.6,80.7,6.5,0,No,Yes,No,High,9.25,Yes
STU2532,Female,19,Computer Science,7,2.9,95.2,4.3,1,Yes,Yes,No,Medium,8.5,Yes
STU2533,Male,19,Mechanical,8,2.6,74.4,8.6,1,Yes,Yes,Yes,Medium,7.01,Yes
STU2534,Male,20,IT,6,4.8,80,5.9,1,No,Yes,No,Low,6.66,No
STU2535,Male,20,Civil,5,6.2,86.7,6,0,No,Yes,No,Medium,9.08,Yes
STU2536,Male,20,IT,4,3.7,84.6,6.8,1,Yes,Yes,Yes,Low,7.22,Yes
STU2537,Female,20,Electronics,7,4.4,70.6,7.3,2,No,Yes,Yes,Low,7.02,Yes
STU2538,Male,18,Electronics,3,4.2,79.2,8.9,1,No,Yes,No,High,7.37,No
STU2539,Male,18,Electronics,8,4,84.6,4.5,1,No,Yes,Yes,Low,6.85,Yes
STU2540,Female,19,Computer Science,2,1.8,64.5,7.5,0,No,Yes,No,Low,8.42,No
STU2541,Male,20,Computer Science,1,6.2,93.2,7.4,0,Yes,Yes,No,Medium,8.99,Yes
STU2542,Female,19,Mechanical,3,4.6,95.2,6.3,2,No,Yes,Yes,High,8.68,Yes
STU2543,Male,19,Electrical,2,4.8,69.3,7.4,1,Yes,Yes,No,Low,7.8,Yes
STU2544,Female,20,Computer Science,1,2.4,80.3,7.6,1,Yes,No,No,Low,6.65,No
STU2545,Male,21,Computer Science,5,3.1,85.7,4.8,0,No,Yes,No,Low,8.34,Yes
STU2546,Female,18,IT,3,3.6,71.5,8.6,0,Yes,Yes,No,Low,7.89,No
STU2547,Female,20,Computer Science,8,0.9,83.8,4.6,0,No,Yes,Yes,Medium,7.1,Yes
STU2548,Male,20,IT,3,0.6,80,5.1,1,Yes,No,No,Medium,6.65,No
STU2549,Female,21,Civil,7,2.8,60.4,6.2,0,No,No,No,Medium,7.01,Yes
STU2550,Female,22,Electrical,7,5,83.5,8.8,0,Yes,Yes,No,Medium,7.89,Yes
STU2551,Female,18,Electronics,2,2.7,64.8,6.1,1,No,Yes,No,High,7.02,Yes
STU2552,Female,19,Civil,8,2,89.3,6.5,1,No,Yes,No,Medium,7.89,Yes
STU2553,Female,21,Electronics,6,2.4,69.9,8.2,0,No,Yes,No,High,7.11,No
STU2554,Male,20,Mechanical,7,3.1,76.1,6.1,1,No,No,No,Medium,7.5,Yes
STU2555,Male,20,Electronics,4,3.3,94.5,5.1,2,Yes,Yes,No,Medium,8.2,Yes
STU2556,Female,20,Computer Science,5,8.3,84,6,0,Yes,Yes,No,Medium,9.83,Yes
STU2557,Male,20,Mechanical,4,6.1,65,8.1,1,No,Yes,Yes,Medium,8.39,Yes
STU2558,Female,22,Mechanical,3,6,65.8,6.6,2,No,No,No,High,7.78,Yes
STU2559,Female,22,IT,4,6.3,70.8,8.8,0,Yes,Yes,No,Low,8.65,Yes
STU2560,Male,21,Civil,1,2,82.7,7.4,0,Yes,Yes,No,Medium,7.13,Yes
STU2561,Male,19,Civil,5,1.6,82.3,5.7,1,No,Yes,No,Medium,6.4,Yes
STU2562,Female,21,Computer Science,4,1.8,67.9,6.6,1,No,No,No,Medium,7.04,Yes
STU2563,Male,18,Civil,1,6.7,64,5.5,0,No,Yes,No,Medium,9.35,Yes
STU2564,Female,19,Mechanical,2,2.9,81.4,5.7,0,Yes,No,Yes,Medium,8.41,Yes
STU2565,Male,21,IT,4,1.5,75.8,10,1,Yes,Yes,No,Low,6.81,No
STU2566,Female,19,Electrical,5,3.1,100,7.7,0,Yes,Yes,No,High,9.13,Yes
STU2567,Male,19,Computer Science,1,3.5,78.4,7.5,2,No,Yes,Yes,Medium,7.35,No
STU2568,Female,18,IT,4,4.5,99.8,5.8,0,No,Yes,No,Medium,8.9,Yes
STU2569,Male,21,Computer Science,2,4.5,64,8.4,2,No,Yes,No,Low,5.27,No
STU2570,Female,20,Electronics,4,2.3,59.1,7.8,0,No,Yes,No,Low,6.89,Yes
STU2571,Male,20,Mechanical,1,5.4,64.6,8.8,0,Yes,Yes,No,Medium,7.71,Yes
STU2572,Female,19,Computer Science,4,2.7,92.3,8.7,0,Yes,Yes,No,Medium,8.6,Yes
STU2573,Female,21,Civil,5,3.7,99.1,4.7,3,No,Yes,Yes,Medium,7.07,No
STU2574,Male,21,Computer Science,3,5.4,68.6,5.2,0,Yes,Yes,No,Low,7.88,Yes
STU2575,Male,19,Computer Science,8,2.7,72.5,5.3,1,Yes,Yes,No,Low,7.34,Yes
STU2576,Male,20,Mechanical,8,2.9,64,5.4,2,No,Yes,No,Low,5.71,No
STU2577,Female,19,Civil,1,5.2,56.3,6.9,1,No,Yes,Yes,Low,7.16,Yes
STU2578,Female,22,Electrical,1,2.3,86.6,5.8,0,No,No,No,Low,7.4,Yes
STU2579,Male,20,Civil,1,3.2,80.7,9,2,Yes,Yes,Yes,Medium,7.51,No
STU2580,Male,22,Civil,1,5.1,78.1,8.8,2,No,Yes,No,Medium,8.63,Yes
STU2581,Male,19,Electronics,4,8.1,61.2,6.5,0,No,Yes,No,Medium,9.03,Yes
STU2582,Female,21,Computer Science,5,5.2,97.7,8.8,0,No,Yes,No,High,10,Yes
STU2583,Male,21,Computer Science,8,4.9,72,8.3,2,No,Yes,No,Medium,7.6,No
STU2584,Female,20,Mechanical,2,5.1,84.4,6,2,No,Yes,Yes,High,7.91,Yes
STU2585,Male,22,Civil,8,1.9,60.5,4.1,1,Yes,Yes,No,Low,6.54,No
STU2586,Female,19,Electronics,5,4.2,75.7,6.2,1,No,Yes,Yes,Medium,7.68,No
STU2587,Male,18,Civil,1,3.9,81.5,5.7,0,No,Yes,No,Medium,8.54,Yes
STU2588,Male,20,Mechanical,6,4.6,81.9,6.7,0,Yes,Yes,No,Medium,9.03,Yes
STU2589,Female,21,Computer Science,4,4.2,79.9,6.6,0,Yes,No,No,Medium,7.87,Yes
STU2590,Female,20,Computer Science,6,4.8,83.9,6.6,0,No,Yes,Yes,Low,8.57,Yes
STU2591,Female,19,IT,4,3.4,64.4,7.1,1,Yes,Yes,No,Medium,8.33,Yes
STU2592,Male,20,Civil,1,4.1,80.4,5,1,No,Yes,No,Medium,7.9,No
STU2593,Male,19,IT,4,1.5,79.4,7,0,No,Yes,No,Low,7.64,Yes
STU2594,Female,20,Computer Science,1,3.4,80.8,6,0,Yes,Yes,Yes,Medium,8.81,Yes
STU2595,Female,20,Electrical,5,6.8,78.9,6.7,0,No,Yes,No,Medium,8.99,Yes
STU2596,Male,21,Computer Science,7,4.6,62.7,7.6,3,Yes,Yes,No,Low,6.72,No
STU2597,Male,19,Computer Science,3,4,62.2,5,2,No,Yes,No,Low,7.38,Yes
STU2598,Male,20,Electrical,4,7.8,51.4,6.2,0,No,Yes,No,High,9.81,Yes
STU2599,Female,19,Computer Science,1,1.3,87.8,6.4,2,No,No,No,High,5.11,No
STU2600,Male,19,Civil,6,1.8,87.9,5.9,0,No,No,No,Low,7.24,Yes
STU2601,Male,21,Computer Science,1,7.4,88.1,7.6,1,No,Yes,Yes,High,8.63,No
STU2602,Male,22,Mechanical,6,4.1,81.7,5.6,2,No,Yes,No,Medium,7.27,No
STU2603,Male,19,Electrical,8,3.5,52.4,5.8,1,No,Yes,No,High,6.51,Yes
STU2604,Male,21,Electronics,4,1.6,65.7,5.6,1,No,Yes,Yes,Medium,7.05,Yes
STU2605,Male,21,Civil,2,4.9,80,7.8,0,No,Yes,No,High,8.81,Yes
STU2606,Male,21,Computer Science,6,5.1,79.6,5.9,0,Yes,Yes,Yes,Medium,9.21,Yes
STU2607,Female,19,Mechanical,1,1.8,75.3,7.1,1,No,No,No,Low,7.56,Yes
STU2608,Male,22,Electronics,4,3.7,82.4,8.9,2,No,Yes,No,Low,7.8,Yes
STU2609,Male,19,Computer Science,1,3.3,78.1,6.4,1,Yes,Yes,No,Medium,7.34,Yes
STU2610,Female,19,Electronics,2,4.5,79.4,7.8,2,No,Yes,Yes,Low,7.62,Yes
STU2611,Female,18,Computer Science,3,1.8,70.3,8.5,2,Yes,Yes,Yes,Medium,6.18,Yes
STU2612,Male,20,Electrical,7,6.5,89.8,7.7,0,No,No,No,High,8.64,Yes
STU2613,Male,18,Electronics,7,5.8,72.8,6.5,0,Yes,Yes,No,Low,9.38,Yes
STU2614,Male,19,Computer Science,2,3.3,62,7.3,1,No,Yes,No,Medium,7.21,Yes
STU2615,Female,19,Electronics,5,3.6,68.7,5,1,No,Yes,No,Medium,6.48,No
STU2616,Female,21,Electronics,4,3.7,73.8,5.6,0,No,No,No,Medium,8.37,Yes
STU2617,Female,21,Civil,2,2.4,89.9,5.8,3,Yes,Yes,No,Low,6.29,No
STU2618,Female,19,Electrical,3,3.1,77.5,9.2,1,Yes,Yes,Yes,Low,6.36,Yes
STU2619,Female,21,Electronics,1,3.5,75.8,5.5,1,Yes,Yes,No,High,6.69,No
STU2620,Male,21,IT,4,7.2,63,5.5,1,No,Yes,No,High,8.13,Yes
STU2621,Male,21,Mechanical,8,5.9,87.4,5.2,0,Yes,No,No,Medium,9.2,Yes
STU2622,Female,18,Computer Science,6,5.9,70.2,7.2,1,No,Yes,No,Medium,8.8,Yes
STU2623,Female,20,Civil,2,4.7,76.8,6.7,2,No,Yes,No,Medium,7.97,No
STU2624,Male,22,Mechanical,8,1.8,95.8,7.8,2,No,Yes,No,Medium,7.3,Yes
STU2625,Female,20,Civil,8,3.9,84.1,7.3,0,Yes,No,Yes,Medium,8.39,Yes
STU2626,Male,19,IT,3,5.9,58.5,4.8,1,No,Yes,No,Low,9.01,Yes
STU2627,Male,20,Electronics,8,1.5,56.8,5.5,1,Yes,Yes,Yes,Medium,6.86,No
STU2628,Male,20,Electrical,2,5.3,77.2,8.1,0,No,Yes,No,Low,8.94,No
STU2629,Male,20,IT,5,8.6,63.4,6.3,0,No,Yes,No,Medium,9.93,Yes
STU2630,Female,18,Electronics,7,6.1,85.8,7.9,0,Yes,No,Yes,Low,9.01,Yes
STU2631,Male,19,Mechanical,7,6.8,78.5,6.3,1,Yes,Yes,No,Medium,8.73,Yes
STU2632,Female,21,Electronics,4,4.4,80,5.3,0,No,Yes,No,Medium,7.16,No
STU2633,Female,21,Electrical,1,5.9,69.5,6.1,0,No,Yes,No,Medium,8.53,Yes
STU2634,Female,18,Civil,3,2.6,98.9,5.3,0,No,Yes,Yes,Medium,9.21,Yes
STU2635,Male,22,Computer Science,2,5.6,100,5.8,0,Yes,Yes,No,High,9.34,Yes
STU2636,Male,19,Electronics,4,5.3,74.7,6.7,1,No,Yes,No,Low,8.25,Yes
STU2637,Male,20,Mechanical,2,4.6,82.2,7.1,0,No,Yes,No,Medium,9.21,Yes
STU2638,Female,21,Computer Science,4,6.6,79.2,4.6,0,No,Yes,Yes,Medium,9.34,Yes
STU2639,Female,21,Computer Science,7,2.9,74.9,6.5,2,No,Yes,Yes,High,6.37,No
STU2640,Male,22,Electronics,8,3.6,68,5.8,0,No,No,No,Medium,7.92,No
STU2641,Female,19,Electronics,5,4.2,65,5.7,1,Yes,No,No,Medium,6.87,Yes
STU2642,Male,21,Electronics,2,1.9,64.4,6.7,2,No,Yes,No,Low,6.4,Yes
STU2643,Female,18,Computer Science,5,4.5,82.9,5.8,1,Yes,Yes,No,Low,7.52,Yes
STU2644,Male,21,Computer Science,6,0.6,71.8,8.2,1,Yes,Yes,No,Medium,7.11,No
STU2645,Female,21,Civil,6,6.1,47.1,7.9,1,No,Yes,No,High,7.67,Yes
STU2646,Male,20,Mechanical,8,4.1,83.3,7.9,0,No,Yes,No,Low,8,Yes
STU2647,Female,19,Computer Science,7,3,77.5,5.9,1,Yes,Yes,No,Low,7.33,Yes
STU2648,Female,21,Electronics,3,2.3,94.2,5.3,1,No,Yes,Yes,Low,7.67,Yes
STU2649,Female,19,Mechanical,5,3.5,82.5,6.6,0,No,Yes,Yes,Low,7.48,Yes
STU2650,Male,18,Computer Science,4,5.4,60.3,6.3,1,Yes,Yes,No,High,7.6,Yes
STU2651,Male,21,Computer Science,3,5.1,51.2,5.8,2,No,Yes,No,High,7.16,Yes
STU2652,Male,20,Computer Science,2,2.6,69.4,5.1,0,No,Yes,No,Medium,8.36,No
STU2653,Male,21,IT,2,2.3,70.5,6.5,1,Yes,Yes,Yes,Low,5.52,No
STU2654,Male,19,IT,4,5.3,89.3,6,0,No,Yes,No,High,9.31,Yes
STU2655,Female,19,IT,1,2.6,77.9,7.3,1,No,Yes,No,Low,7.1,Yes
STU2656,Female,21,Civil,8,4.1,91.6,7.3,1,No,Yes,No,Medium,7.84,No
STU2657,Male,20,Civil,1,4.2,62.1,7.8,1,Yes,Yes,No,High,7.19,No
STU2658,Male,19,Electronics,8,4.6,89.6,5,0,No,Yes,No,Medium,8.43,No
STU2659,Male,21,Mechanical,2,5.7,86.7,7,0,Yes,Yes,No,Low,9.45,Yes
STU2660,Female,20,Computer Science,8,1.5,53.8,5.6,1,No,Yes,No,Low,6.06,No
STU2661,Male,20,Mechanical,7,0.2,93.9,5,1,Yes,Yes,Yes,High,7.69,Yes
STU2662,Female,20,IT,7,2.9,79.1,6,1,No,Yes,No,Low,7.77,Yes
STU2663,Male,21,Mechanical,4,7.6,82.7,7.8,2,No,Yes,Yes,Medium,8.82,Yes
STU2664,Female,21,Electronics,1,8,67.6,6.1,0,Yes,Yes,No,Medium,9.36,Yes
STU2665,Female,21,Computer Science,5,7.7,93.3,8.4,0,Yes,No,No,High,10,Yes
STU2666,Male,18,Mechanical,2,3.6,63.8,7.2,1,Yes,No,No,Medium,8.2,Yes
STU2667,Female,21,Civil,6,0.4,88,6,0,Yes,Yes,No,Low,6.5,No
STU2668,Male,20,IT,5,0,87.8,7.9,1,No,Yes,No,Medium,6.23,No
STU2669,Female,20,Electronics,4,2.8,66.3,7,1,No,Yes,Yes,Low,7.54,Yes
STU2670,Male,19,IT,6,3.6,100,5.4,2,No,Yes,Yes,Low,8.09,Yes
STU2671,Female,21,Mechanical,5,6.6,80.8,8.7,0,No,No,No,High,9.18,Yes
STU2672,Female,21,IT,1,5.7,85.8,6.8,2,No,Yes,No,Low,7.61,Yes
STU2673,Female,18,Mechanical,8,4.5,59.7,6.5,1,Yes,Yes,No,Low,7.64,Yes
STU2674,Female,20,Mechanical,7,2.2,100,5.5,0,Yes,Yes,No,Medium,8.93,No
STU2675,Male,21,Mechanical,1,2.1,63.3,7.9,0,No,Yes,No,Medium,7.42,No
STU2676,Male,18,Civil,6,4.5,90.3,7.1,0,No,Yes,No,Medium,7.98,Yes
STU2677,Male,22,Electrical,8,5.4,66.1,7.3,0,No,No,Yes,Medium,8.64,Yes
STU2678,Male,20,Computer Science,8,4.8,70.6,5.9,0,No,Yes,No,Medium,8.86,Yes
STU2679,Female,20,Computer Science,8,1.9,87.5,7.5,1,No,Yes,No,Medium,7.23,Yes
STU2680,Male,19,Electrical,3,5.3,90.3,7.6,2,Yes,Yes,No,Medium,8.8,Yes
STU2681,Female,19,Mechanical,7,4.9,62.7,5.7,1,Yes,Yes,No,Low,8.27,Yes
STU2682,Female,22,Mechanical,2,1.9,91.1,4.8,1,No,Yes,No,Medium,7.19,Yes
STU2683,Female,19,Electronics,6,2.4,90.5,7.2,0,No,Yes,Yes,Medium,8.04,Yes
STU2684,Male,21,Computer Science,4,5.4,66.7,4.6,1,Yes,Yes,No,Low,6.85,No
STU2685,Female,19,IT,2,3.5,97.2,6.7,0,No,No,No,Low,9.23,Yes
STU2686,Female,18,Civil,5,7.2,60.5,6,2,No,Yes,No,Medium,7.83,No
STU2687,Male,18,Electronics,7,5,70.5,8,0,No,Yes,No,Medium,8.32,No
STU2688,Female,20,Electronics,4,3,83.7,6,1,Yes,Yes,No,Medium,7.19,No
STU2689,Female,22,IT,4,4,67.8,7.8,1,No,Yes,No,Medium,7.92,Yes
STU2690,Male,19,Computer Science,1,4.1,81.2,5.9,1,No,Yes,Yes,Medium,7.18,No
STU2691,Male,19,IT,5,2.5,80.9,7.7,2,Yes,Yes,No,High,6.29,No
STU2692,Male,19,Computer Science,1,2.2,75.8,9,0,No,No,No,Medium,7.7,No
STU2693,Male,20,Mechanical,1,5.4,88,5.2,0,No,Yes,No,Medium,8.53,Yes
STU2694,Male,20,Electrical,8,5.7,75.3,6.9,1,No,Yes,Yes,Low,8.55,Yes
STU2695,Male,21,Civil,7,5.2,80.8,9.8,1,Yes,Yes,Yes,Medium,8.07,Yes
STU2696,Male,20,Electronics,3,7,91.8,6.6,0,No,Yes,No,High,10,Yes
STU2697,Male,20,Civil,1,2.9,87.5,6.6,0,Yes,Yes,No,Medium,8.51,Yes
STU2698,Female,18,Electronics,2,7.3,87.4,7.4,1,No,Yes,No,Low,9.58,No
STU2699,Male,22,Computer Science,4,2.2,64.2,6.5,3,No,Yes,No,Medium,5.52,No
STU2700,Female,19,Electrical,7,2,84.3,4.5,1,No,Yes,No,Low,8.55,Yes
STU2701,Male,18,IT,1,0.5,67.5,7.9,2,No,Yes,No,Medium,5.66,No
STU2702,Male,20,Mechanical,6,3.1,62.6,4.1,1,No,Yes,No,Medium,6.61,Yes
STU2703,Male,20,Electronics,2,3,77.1,6,0,No,No,No,Medium,8.32,No
STU2704,Male,20,Computer Science,5,5.1,67.1,7.9,0,No,No,No,Medium,8.64,Yes
STU2705,Male,20,Computer Science,4,4.5,87.5,6.1,1,Yes,Yes,No,Medium,7.64,Yes
STU2706,Female,21,Mechanical,7,1.6,87.8,5.7,1,Yes,Yes,Yes,Medium,8.42,Yes
STU2707,Male,19,IT,6,3.2,55.2,7.6,2,Yes,No,No,Medium,7.19,No
STU2708,Female,21,Mechanical,7,3.3,68.1,5.5,1,No,Yes,No,Medium,7.29,Yes
STU2709,Female,20,IT,7,0.4,60.5,5,3,No,Yes,No,Medium,6.54,No
STU2710,Male,20,Computer Science,6,2,72.4,6.8,1,No,Yes,No,Low,7.47,Yes
STU2711,Male,20,Electronics,5,2.5,83.5,6.3,0,Yes,Yes,No,Medium,7.85,Yes
STU2712,Female,19,Computer Science,6,6.9,75.1,5,0,No,Yes,Yes,Medium,10,Yes
STU2713,Male,21,Electronics,2,4.4,70.9,7.3,1,Yes,Yes,No,Low,8.22,Yes
STU2714,Male,20,Computer Science,8,5.3,93.6,7.1,1,No,Yes,No,Low,8.95,Yes
STU2715,Female,19,Electrical,7,1,50.3,6.1,0,Yes,Yes,No,Low,6.43,No
STU2716,Male,20,Computer Science,5,6.4,92.8,6.2,2,Yes,Yes,No,High,8.44,Yes
STU2717,Female,22,Electrical,7,6.6,71.5,7.1,3,No,Yes,No,Medium,7.35,No
STU2718,Female,20,Electronics,6,0,77.1,7.9,1,Yes,Yes,No,Medium,7.3,No
STU2719,Male,22,Electrical,5,2.6,71.7,6.2,0,No,Yes,No,Medium,6.69,No
STU2720,Male,19,Mechanical,5,5,96.5,7.3,0,No,Yes,No,Medium,9.86,Yes
STU2721,Male,18,Electrical,1,5.3,63.2,7.2,0,No,Yes,No,Medium,7.95,Yes
STU2722,Male,19,Computer Science,1,2.6,78.1,7.6,0,No,Yes,Yes,Medium,7.82,Yes
STU2723,Male,20,Civil,8,3.4,84.3,6.5,1,Yes,No,No,Low,7.52,No
STU2724,Female,19,Electrical,1,2.8,58.7,5.4,0,No,Yes,No,Medium,7.11,No
STU2725,Male,18,Computer Science,6,4.2,67,5.9,1,No,Yes,No,Medium,8.02,Yes
STU2726,Male,22,Computer Science,4,6.4,76.2,6.9,0,No,No,No,Medium,9.11,Yes
STU2727,Female,21,Electronics,2,2.5,67.4,8.7,0,Yes,Yes,No,Medium,7.26,No
STU2728,Female,21,Electrical,6,6,68.2,5.9,1,No,Yes,No,Medium,8.35,No
STU2729,Female,19,Mechanical,7,2.4,73.8,7.5,3,Yes,Yes,No,Medium,5.77,No
STU2730,Male,18,Mechanical,1,2.3,85.8,6.1,1,Yes,Yes,No,Medium,7,No
STU2731,Female,18,Computer Science,5,5.6,73.9,6.6,0,Yes,Yes,No,Low,7.87,Yes
STU2732,Male,21,Computer Science,6,5.8,90.9,8.3,1,Yes,Yes,Yes,Medium,8.49,Yes
STU2733,Male,22,IT,5,5.7,66,7.4,1,Yes,Yes,No,High,8.48,Yes
STU2734,Male,20,Computer Science,8,1.4,63,5,2,Yes,No,No,Medium,6.02,Yes
STU2735,Female,18,Mechanical,7,3.1,100,5.8,0,No,Yes,No,High,9.46,Yes
STU2736,Male,20,Electrical,5,5.6,70.1,8,1,Yes,Yes,No,Low,9.83,Yes
STU2737,Male,19,Computer Science,5,4.1,62.3,6.7,0,Yes,Yes,No,Low,7.74,Yes
STU2738,Male,19,Civil,8,1.9,57.1,5.1,2,No,Yes,No,Medium,5.56,No
STU2739,Male,20,Computer Science,3,4.9,90.9,5.5,0,Yes,Yes,No,Low,9.49,Yes
STU2740,Female,21,Mechanical,4,2.6,73.9,7.3,2,Yes,Yes,Yes,Low,6.95,Yes
STU2741,Female,18,Computer Science,2,7.6,75,7.7,2,No,No,No,Medium,9.23,Yes
STU2742,Female,18,Civil,2,7.1,76.1,6.5,0,Yes,Yes,No,Low,9.57,Yes
STU2743,Male,22,Electronics,1,5.2,90.2,9.5,2,Yes,Yes,No,Low,7.98,Yes
STU2744,Male,19,Electronics,3,6.7,75.8,7.5,0,No,No,No,High,9.12,Yes
STU2745,Male,18,Mechanical,6,4.1,100,6.2,0,No,Yes,No,Low,9,Yes
STU2746,Male,19,Computer Science,8,5.5,79.6,5.5,0,No,Yes,No,Low,8.67,Yes
STU2747,Male,18,Civil,6,7,90.7,5.3,2,No,Yes,Yes,Low,9.26,Yes
STU2748,Female,19,Electronics,2,4.5,87.7,6.9,0,No,Yes,No,High,7.89,Yes
STU2749,Male,21,Civil,4,3.5,77.6,5.9,1,No,Yes,No,Medium,8.3,No
STU2750,Male,19,Computer Science,5,0.6,71,8.5,1,Yes,No,No,Low,5.43,No
STU2751,Male,20,Civil,7,3.8,82,8.3,2,No,No,No,Low,7.47,No
STU2752,Male,20,Computer Science,1,5.6,84.1,7.3,1,Yes,Yes,Yes,Medium,8.31,Yes
STU2753,Male,20,Electronics,4,5.9,71.1,5.1,0,No,Yes,No,Low,7.83,No
STU2754,Female,21,Computer Science,2,5,80,5.7,0,No,Yes,Yes,High,7.4,No
STU2755,Female,21,Civil,3,2.9,92.8,8,0,No,Yes,No,Medium,7.61,No
STU2756,Female,18,Computer Science,1,0,100,5.8,1,No,Yes,No,Low,6.82,No
STU2757,Male,21,IT,8,3,88.3,7.8,0,No,Yes,No,High,7.84,Yes
STU2758,Male,20,IT,2,3.4,100,7.1,0,Yes,Yes,Yes,Medium,7.92,No
STU2759,Male,22,Computer Science,6,3.4,70.4,6.6,2,Yes,Yes,No,Low,7.74,Yes
STU2760,Male,20,Mechanical,1,5.2,86.4,5.7,0,No,No,No,Medium,8.09,Yes
STU2761,Female,22,Computer Science,8,8,94.1,6.4,0,No,Yes,No,Medium,10,Yes
STU2762,Male,21,Electronics,2,4.2,67.2,6.7,0,No,Yes,No,Low,7.62,Yes
STU2763,Male,19,Civil,6,3.6,72.2,7.7,0,No,Yes,No,Medium,7.42,Yes
STU2764,Male,20,Civil,7,3.5,98.9,5.4,0,No,Yes,Yes,Low,8.11,No
STU2765,Male,22,Mechanical,6,4.2,66.3,6.2,0,No,Yes,Yes,High,8.48,Yes
STU2766,Female,21,Computer Science,5,2.3,61.9,6.6,2,No,No,No,Medium,5.55,No
STU2767,Male,18,Electronics,8,4.2,96.3,7.3,0,No,Yes,No,Low,8.93,Yes
STU2768,Male,21,Computer Science,8,4.9,92.4,5.4,0,No,Yes,No,Medium,8.26,No
STU2769,Male,19,Civil,3,4.4,83.2,4.9,1,No,Yes,No,Medium,7.48,Yes
STU2770,Male,18,Mechanical,8,4.9,77.5,7.3,1,No,Yes,No,High,8.37,Yes
STU2771,Female,20,Civil,5,4.9,72.7,4.7,1,No,Yes,No,Medium,9.21,Yes
STU2772,Female,19,Computer Science,2,0.5,81.4,8,2,No,Yes,No,High,5.66,No
STU2773,Female,21,Electronics,7,5.3,97,6.3,1,No,Yes,No,Medium,9.04,Yes
STU2774,Female,19,Electronics,4,2.7,80.9,4.6,0,Yes,Yes,No,Low,7.61,No
STU2775,Male,21,Computer Science,7,1.8,100,5.9,1,No,Yes,No,High,7.14,Yes
STU2776,Female,18,Electronics,7,1.8,67.2,7,1,No,Yes,No,Medium,7.47,Yes
STU2777,Male,19,IT,8,4.9,77.8,5.9,0,Yes,Yes,Yes,Medium,8.06,Yes
STU2778,Male,19,IT,7,3.6,73.5,6.5,0,No,Yes,No,High,7.36,Yes
STU2779,Female,19,Mechanical,8,0.6,65,7.4,0,No,Yes,No,Medium,7.16,No
STU2780,Male,18,Electronics,5,5,76.2,6.3,0,No,No,No,Low,9.55,Yes
STU2781,Female,19,Computer Science,4,1.1,83,5.4,0,No,No,No,High,7.76,Yes
STU2782,Male,20,IT,6,4.3,84.3,6.1,0,No,Yes,No,Low,7.65,Yes
STU2783,Female,19,Computer Science,8,4.5,100,8.2,1,No,Yes,No,Medium,8.12,Yes
STU2784,Female,20,Electrical,2,5.8,83.6,8.5,2,Yes,Yes,No,Low,8.71,Yes
STU2785,Female,19,Electronics,3,7.6,91.8,4.1,0,Yes,Yes,No,Low,10,Yes
STU2786,Female,21,Electronics,4,1.3,78.8,7.8,2,No,No,No,Medium,6.56,No
STU2787,Female,22,Electrical,2,3.9,98.1,6.8,0,No,Yes,No,Medium,8.32,Yes
STU2788,Male,20,Computer Science,8,3.4,100,7.6,2,Yes,No,No,Medium,8.56,Yes
STU2789,Male,19,Mechanical,4,4.9,84.4,5.8,0,Yes,Yes,No,High,8.65,Yes
STU2790,Male,18,Mechanical,8,4.4,66.1,4.4,0,No,Yes,No,Medium,7.72,Yes
STU2791,Female,22,Computer Science,5,3.3,71.4,7.2,0,Yes,Yes,Yes,Medium,7.48,Yes
STU2792,Male,18,Electronics,2,3.1,81.4,5.4,0,No,No,No,Medium,7.27,No
STU2793,Female,19,Civil,5,1.8,83.5,4.8,0,No,Yes,No,Medium,9.24,Yes
STU2794,Male,19,Civil,1,6,86.4,4.9,0,No,Yes,No,Medium,9.93,Yes
STU2795,Male,19,Computer Science,2,4.9,83.5,7.2,0,Yes,Yes,No,Medium,8.35,Yes
STU2796,Female,19,Electrical,4,5.8,78.1,6.7,0,No,No,No,Medium,9.97,Yes
STU2797,Male,21,Computer Science,1,3.4,70.4,7.4,0,No,Yes,No,Medium,8.29,No
STU2798,Male,18,Computer Science,5,2.7,82.8,7.3,3,No,Yes,Yes,Medium,6.75,No
STU2799,Male,20,Computer Science,5,1.8,100,6,0,No,Yes,No,Medium,7.5,Yes
STU2800,Female,18,Computer Science,4,4.7,90.2,6.4,0,Yes,No,No,Low,8.46,No
STU2801,Female,18,Computer Science,1,1.9,84.4,5.9,1,Yes,Yes,Yes,High,7.12,No
STU2802,Male,22,Electrical,7,7.7,90.4,6.2,1,Yes,Yes,No,Medium,8.13,Yes
STU2803,Male,19,Electronics,6,1.4,73.5,5.3,1,Yes,Yes,No,Low,6.43,Yes
STU2804,Male,21,Computer Science,3,4.5,71.9,7,2,No,Yes,No,Low,7.37,Yes
STU2805,Female,20,Computer Science,4,7.1,69,7.8,0,No,Yes,No,Medium,10,Yes
STU2806,Female,18,Civil,5,5.2,76.5,5.5,0,Yes,Yes,No,Medium,8.26,Yes
STU2807,Male,22,IT,2,4.4,72.9,8,0,No,Yes,No,High,8.89,Yes
STU2808,Male,19,Computer Science,1,2.1,92.5,6.6,1,No,Yes,Yes,Low,6.18,No
STU2809,Male,21,Computer Science,8,1.2,72.3,6.8,1,No,Yes,No,Low,7.41,Yes
STU2810,Female,19,Computer Science,6,5.5,68.4,4.5,1,Yes,Yes,No,High,7.48,No
STU2811,Female,21,Computer Science,3,7,100,4.3,0,No,No,No,Low,9.74,Yes
STU2812,Male,18,Computer Science,2,3.1,72.6,6.7,1,No,Yes,No,Medium,7.62,Yes
STU2813,Male,20,Electronics,1,1.7,79.8,7.4,0,No,Yes,No,Low,7.69,Yes
STU2814,Male,21,Computer Science,6,0,83.4,5.7,1,Yes,Yes,No,Medium,6.39,No
STU2815,Female,22,Mechanical,4,2,64.4,8.5,1,No,Yes,No,Low,6.17,Yes
STU2816,Male,22,Computer Science,8,3.8,92.8,7.4,1,No,Yes,No,Medium,7.52,Yes
STU2817,Female,21,Electrical,6,7.2,85.6,5.4,0,No,No,No,Medium,10,Yes
STU2818,Female,21,Electrical,4,5.3,96.7,6.5,1,No,Yes,No,High,8.26,Yes
STU2819,Male,19,Mechanical,8,4.6,69.8,9.5,1,Yes,Yes,No,Low,7.92,No
STU2820,Male,19,Electronics,8,3.2,79.2,5,0,No,Yes,No,Low,7.06,No
STU2821,Male,19,Electronics,7,2.8,78.5,7.1,3,Yes,Yes,No,Low,6.92,No
STU2822,Female,19,Electronics,1,6.8,81.2,6.1,1,Yes,Yes,No,High,8.02,Yes
STU2823,Female,19,Civil,8,4.4,60.5,7.3,1,No,Yes,No,Medium,8.16,Yes
STU2824,Female,20,Electronics,6,0,79.3,8,0,Yes,Yes,No,Medium,6.35,Yes
STU2825,Male,19,IT,8,2.7,60.9,6,1,Yes,Yes,No,Low,7.57,No
STU2826,Male,20,Electrical,3,2.3,82.3,7.8,0,No,No,Yes,Medium,7.85,Yes
STU2827,Female,19,Electronics,6,2.9,52.5,9.2,1,No,Yes,Yes,Medium,6.69,No
STU2828,Female,19,Mechanical,1,5.1,55.8,6.6,1,Yes,Yes,Yes,Medium,8.69,Yes
STU2829,Male,20,Computer Science,2,3.8,87.8,7.4,1,No,Yes,No,Medium,7.91,Yes
STU2830,Female,21,Computer Science,2,3.8,71.4,5.8,0,Yes,No,No,Low,7.83,Yes
STU2831,Female,21,Electronics,6,6.6,66.1,6.5,1,Yes,Yes,No,Medium,9,Yes
STU2832,Female,20,Computer Science,6,2.6,93.3,6.3,0,No,No,No,High,7.2,Yes
STU2833,Female,19,IT,4,7.7,81.9,7.5,0,Yes,Yes,No,High,8.19,No
STU2834,Female,20,Computer Science,1,2.7,88.5,7.9,1,No,Yes,No,Medium,8.3,Yes
STU2835,Female,18,Electronics,4,4.2,76,6.4,1,Yes,Yes,Yes,Low,7.31,Yes
STU2836,Male,19,Mechanical,3,3.4,100,8.3,0,No,Yes,No,Medium,9.12,Yes
STU2837,Male,20,Civil,7,4.2,70.7,8.3,0,No,Yes,No,Low,8.33,No
STU2838,Female,18,Electronics,2,4.9,98.9,7.5,0,No,Yes,No,Low,8.37,Yes
STU2839,Male,19,IT,8,4.9,77.3,5.9,1,No,Yes,No,Medium,8.42,No
STU2840,Male,22,Mechanical,8,2.5,58.1,5.8,1,No,Yes,Yes,High,6.58,Yes
STU2841,Male,22,Electronics,5,1.8,83.8,5.5,1,No,No,Yes,Low,6.43,No
STU2842,Male,19,Computer Science,5,9,81.8,7.6,0,Yes,Yes,No,Low,9.54,Yes
STU2843,Female,18,Electronics,1,3,65.4,5,0,No,Yes,No,Medium,6.57,Yes
STU2844,Female,19,IT,8,5.4,66.9,7.3,0,Yes,No,Yes,Low,8.83,Yes
STU2845,Male,19,Mechanical,1,0.8,77.7,5.2,0,No,Yes,No,Medium,6.53,No
STU2846,Male,22,IT,5,3.4,82.2,7.5,0,No,Yes,Yes,Low,8.19,Yes
STU2847,Male,18,Electronics,1,3.7,48.4,6.5,1,Yes,Yes,No,Low,6.98,No
STU2848,Female,21,Computer Science,2,4.9,90.6,8.1,0,No,No,No,Medium,8.37,Yes
STU2849,Female,18,Computer Science,3,0,72.1,7.9,2,Yes,Yes,No,High,4.92,No
STU2850,Male,22,Electronics,3,4.3,62,8.2,0,No,Yes,No,Medium,9.68,Yes
STU2851,Female,19,Civil,8,1.7,89.3,8.3,2,Yes,Yes,No,High,6.77,Yes
STU2852,Female,21,IT,4,4.6,77.7,6.7,0,No,Yes,Yes,Low,9.59,Yes
STU2853,Female,19,Computer Science,2,1.9,92.6,5.1,0,Yes,Yes,Yes,High,8.47,Yes
STU2854,Female,20,Electronics,7,2.3,83.3,5.2,1,Yes,Yes,No,Medium,7.04,No
STU2855,Male,19,Electronics,1,3.5,78,4,1,No,Yes,No,High,7.59,No
STU2856,Female,18,Electronics,1,1.9,76.2,5.2,1,Yes,No,Yes,Medium,7.04,No
STU2857,Male,22,Computer Science,8,3,83.8,6.6,1,No,Yes,Yes,Low,8.66,Yes
STU2858,Female,22,Computer Science,7,1.6,73,5.8,2,No,Yes,No,Low,6.81,Yes
STU2859,Female,21,Computer Science,4,0.3,67.8,6.3,2,Yes,Yes,No,Medium,5.29,No
STU2860,Female,20,Computer Science,4,6,85.3,7.1,0,No,Yes,No,Low,9.37,Yes
STU2861,Female,21,Computer Science,1,1.4,76.3,6.1,2,Yes,Yes,No,High,6.8,Yes
STU2862,Male,18,Computer Science,1,3.6,78.4,5.2,1,Yes,Yes,No,Low,6.88,Yes
STU2863,Male,19,Mechanical,7,5.5,91.1,6.4,1,Yes,Yes,No,Medium,8.86,Yes
STU2864,Female,19,Electronics,8,2.8,76.6,5.4,1,No,Yes,No,Low,8.09,Yes
STU2865,Female,20,Electrical,2,2.3,78.2,6.2,3,Yes,Yes,No,Low,5.66,No
STU2866,Male,19,Computer Science,7,4.5,70.8,8.1,0,No,Yes,No,Medium,7.96,Yes
STU2867,Male,18,Electronics,4,6.2,83.2,6.2,0,No,No,No,Medium,9.84,Yes
STU2868,Male,20,Electronics,7,1.7,82.2,8.6,1,Yes,Yes,No,High,6.96,No
STU2869,Female,21,Computer Science,7,3.7,88.8,8.2,0,No,Yes,No,Low,7.89,Yes
STU2870,Female,19,IT,7,0.5,71.1,5.8,0,No,Yes,Yes,High,7.42,Yes
STU2871,Male,18,Computer Science,2,3.2,72.5,5.2,1,Yes,Yes,No,Medium,7.68,Yes
STU2872,Male,19,Electrical,6,4.1,87.5,6.4,0,Yes,Yes,No,High,8.56,Yes
STU2873,Female,19,IT,1,2.3,81,7.9,1,No,Yes,No,Low,7.99,No
STU2874,Female,19,Mechanical,5,3.1,67.1,5.9,2,No,No,Yes,Medium,7.44,Yes
STU2875,Male,20,Mechanical,8,1.2,93.7,7.6,0,No,Yes,No,Medium,7.62,Yes
STU2876,Female,20,Civil,7,4.2,57.6,8,2,Yes,Yes,Yes,Medium,8.21,Yes
STU2877,Male,20,Electronics,8,6.1,87.4,5.6,0,Yes,Yes,Yes,Low,10,Yes
STU2878,Male,19,Mechanical,5,1.8,62.8,5.7,2,No,Yes,No,Medium,4.98,No
STU2879,Female,21,Computer Science,6,2.8,100,7.4,1,Yes,Yes,No,Low,7.23,No
STU2880,Female,19,Computer Science,1,5,59.5,6.7,0,No,Yes,No,Medium,6.92,Yes
STU2881,Female,20,Electronics,4,6.4,91.8,5.7,0,Yes,Yes,No,Medium,9.17,Yes
STU2882,Female,21,Mechanical,5,1,77,6.1,0,No,Yes,No,Medium,6.47,No
STU2883,Female,19,IT,8,3.7,73.6,6.4,1,No,Yes,No,High,7.1,No
STU2884,Male,18,Computer Science,8,4.6,80.2,4.6,1,Yes,Yes,No,Low,8.6,Yes
STU2885,Male,21,IT,8,3.8,85.6,7.4,0,Yes,Yes,Yes,Medium,7.36,Yes
STU2886,Male,19,Computer Science,4,0,67.1,5.9,1,No,Yes,No,Medium,6.21,No
STU2887,Male,20,Electronics,5,5,68.2,3.2,0,Yes,Yes,No,Medium,8.35,Yes
STU2888,Female,18,Electronics,8,7,85.8,6.5,0,No,Yes,No,High,9.44,Yes
STU2889,Female,20,Electronics,4,4.2,57.5,5.6,4,No,Yes,No,High,5.98,No
STU2890,Male,19,Computer Science,7,1.9,71,8.5,0,Yes,Yes,No,High,6.17,No
STU2891,Male,18,Mechanical,8,3,100,5.8,2,Yes,Yes,No,High,6.85,Yes
STU2892,Female,20,IT,5,7.5,66.4,5.2,1,No,Yes,No,High,9.64,Yes
STU2893,Male,19,Electronics,4,5.8,91.8,7.1,2,No,Yes,No,Medium,7.5,No
STU2894,Female,19,Electronics,6,5.3,71,5.7,0,Yes,Yes,No,High,9.56,Yes
STU2895,Female,18,IT,2,4.7,84.1,5.6,0,No,Yes,No,Medium,7.76,Yes
STU2896,Female,18,Civil,4,2.7,85.9,7.1,0,No,Yes,No,Low,7.1,No
STU2897,Male,19,Electronics,2,3.6,91.5,5.3,1,No,Yes,No,Low,7.28,Yes
STU2898,Male,18,Computer Science,2,3.8,75.6,4.8,1,Yes,Yes,No,Low,8.26,Yes
STU2899,Female,22,IT,1,5.1,100,8.6,0,Yes,Yes,Yes,Medium,8.89,Yes
STU2900,Female,18,Mechanical,7,7,70.9,7.2,1,No,No,No,Medium,8.94,Yes
STU2901,Male,20,Computer Science,6,6.2,80.8,6.2,0,No,Yes,No,Low,9.14,Yes
STU2902,Female,18,Computer Science,2,1.2,80.9,6.5,0,No,Yes,No,Medium,7.33,Yes
STU2903,Male,19,IT,3,4.4,64.5,7.1,1,Yes,Yes,No,Low,8.45,Yes
STU2904,Female,22,Computer Science,7,5.5,74.6,7.7,0,No,Yes,Yes,High,9.26,Yes
STU2905,Male,19,Electrical,2,5.2,79.9,5.6,0,No,Yes,No,Medium,8.01,Yes
STU2906,Female,22,Computer Science,4,2.7,72.8,6.9,0,Yes,Yes,Yes,High,7.58,Yes
STU2907,Male,19,IT,2,9.8,100,5.9,0,Yes,Yes,No,Low,10,Yes
STU2908,Male,21,Electronics,4,1.4,67.9,6.3,2,No,Yes,No,High,6.35,No
STU2909,Male,20,Electronics,8,1.8,92.2,6.7,1,No,Yes,No,Medium,6.4,No
STU2910,Male,21,IT,4,4.5,88.3,6.5,1,Yes,Yes,Yes,Medium,7.3,No
STU2911,Female,20,Electronics,3,8.2,77.8,7.4,0,No,No,No,Medium,10,Yes
STU2912,Female,20,Mechanical,2,2.3,67.6,7.1,0,No,Yes,No,Medium,7.93,Yes
STU2913,Male,19,Computer Science,2,3.5,68.8,4.7,1,No,Yes,Yes,High,6.78,Yes
STU2914,Male,19,Computer Science,5,6.2,71.8,4.9,1,No,Yes,Yes,Medium,8.8,Yes
STU2915,Female,22,Computer Science,7,4,56.6,6.1,1,No,Yes,No,High,8.3,Yes
STU2916,Female,19,Civil,5,3.3,66,8.7,1,Yes,Yes,Yes,Low,8.28,Yes
STU2917,Female,19,Computer Science,1,5.1,60.2,5.5,1,Yes,No,Yes,Medium,8.73,Yes
STU2918,Male,21,Computer Science,4,4.5,94.2,6.3,0,No,Yes,No,Medium,9.11,Yes
STU2919,Male,19,Electronics,3,6.1,85.4,5.9,1,Yes,No,No,Medium,8.53,Yes
STU2920,Female,22,Mechanical,5,6.6,87.4,5.8,0,No,Yes,No,High,9.11,Yes
STU2921,Male,21,Civil,2,4.6,85.1,6.7,1,No,Yes,No,Medium,8.14,Yes
STU2922,Female,20,Computer Science,1,4.6,80,8.2,0,Yes,Yes,No,Medium,8.09,No
STU2923,Male,21,Computer Science,3,4.4,95.5,7,0,No,Yes,Yes,Medium,8.58,Yes
STU2924,Female,18,Electrical,6,5,70.7,5.5,1,No,Yes,No,Medium,8.7,Yes
STU2925,Male,19,Computer Science,2,4.1,79.3,9.8,0,Yes,Yes,No,Low,7.55,Yes
STU2926,Female,20,IT,2,4,87,6.6,1,No,No,No,Medium,7.05,Yes
STU2927,Male,19,IT,8,6.4,62.1,5.8,0,No,Yes,No,Medium,9.27,No
STU2928,Female,21,IT,6,7,100,8.2,0,No,Yes,No,High,9.65,Yes
STU2929,Male,22,Computer Science,4,1,78.3,5.9,0,No,Yes,No,Low,6.06,No
STU2930,Female,20,IT,4,4,79.7,8.5,0,Yes,Yes,Yes,Medium,8.38,Yes
STU2931,Female,19,IT,5,2.6,93.1,5.5,0,Yes,Yes,No,Low,7.92,Yes
STU2932,Female,22,Mechanical,5,3.4,89,8.2,1,Yes,Yes,No,Low,7.62,No
STU2933,Female,20,Electronics,2,4.8,78.5,6.7,1,No,Yes,No,Medium,8.5,Yes
STU2934,Female,20,Computer Science,7,5.3,79.6,8,1,Yes,Yes,No,Low,7.55,Yes
STU2935,Female,19,Computer Science,2,3.8,60,8.8,3,Yes,No,No,Medium,6.48,No
STU2936,Male,22,Mechanical,5,0.2,71.3,5.1,1,No,Yes,No,Medium,6.12,Yes
STU2937,Female,20,Mechanical,6,2.1,84.2,8,2,Yes,Yes,No,Low,6.84,No
STU2938,Male,21,Electronics,5,5.8,83.3,4.8,0,Yes,Yes,No,Medium,7.9,Yes
STU2939,Male,21,Electronics,2,0,92.7,5.2,0,No,Yes,No,Low,6.8,Yes
STU2940,Male,19,Electronics,3,6.4,76.6,5.5,0,Yes,Yes,No,High,9.06,Yes
STU2941,Male,20,Mechanical,2,5,61.4,7.1,0,No,Yes,No,Low,8.66,Yes
STU2942,Female,21,Electrical,3,6.6,90.7,6.5,0,Yes,Yes,No,Low,10,Yes
STU2943,Female,19,Computer Science,3,3.6,95.2,6.3,0,Yes,Yes,No,Medium,8.96,Yes
STU2944,Female,21,Electronics,2,0,88.8,6.7,1,No,Yes,No,High,6.89,Yes
STU2945,Male,22,Computer Science,7,4.9,76,7.2,1,No,Yes,No,High,8.86,Yes
STU2946,Male,20,Mechanical,7,6.5,90.5,7.3,2,No,Yes,No,Low,8.27,No
STU2947,Male,21,Civil,1,5.8,100,7.8,1,No,Yes,No,Low,9.85,Yes
STU2948,Male,21,Electrical,5,2.7,79.4,8.7,0,No,Yes,No,Medium,8.64,Yes
STU2949,Male,21,Computer Science,7,4.2,62.3,6.5,0,No,Yes,Yes,High,7.77,Yes
STU2950,Male,19,Electrical,4,2.9,71,5.9,0,No,Yes,Yes,Medium,8.88,Yes
STU2951,Male,18,Computer Science,2,2.4,85.5,7.2,0,No,Yes,No,Medium,8.18,Yes
STU2952,Female,20,Mechanical,3,5.9,58.7,5.1,1,No,Yes,Yes,Low,9.31,Yes
STU2953,Female,20,Computer Science,2,1.6,80,5.7,1,Yes,Yes,No,Low,7.13,Yes
STU2954,Female,20,IT,5,2.2,82.6,7.7,0,No,Yes,No,Medium,7.47,Yes
STU2955,Female,21,Mechanical,6,1.8,96.4,6.4,1,No,Yes,Yes,Low,6.92,No
STU2956,Female,19,Civil,7,1,93.7,5.1,1,No,Yes,No,Low,6.77,Yes
STU2957,Male,20,IT,7,4.3,88.4,4.7,0,Yes,Yes,No,Low,8.17,Yes
STU2958,Female,19,Computer Science,7,6.3,52,6.6,0,Yes,Yes,No,Medium,9.34,Yes
STU2959,Female,21,Computer Science,3,3.6,89.1,7.9,2,Yes,No,No,Low,7.42,No
STU2960,Male,20,IT,4,1,86.5,7.9,1,No,Yes,Yes,Medium,6.01,No
STU2961,Male,19,Electronics,8,5.7,81.1,6.6,0,Yes,Yes,No,High,9.07,Yes
STU2962,Female,19,Computer Science,4,7.4,57.2,8.9,0,Yes,Yes,No,Low,9.25,Yes
STU2963,Male,21,Electronics,7,2.7,68.7,6.4,0,Yes,No,Yes,Medium,7.36,Yes
STU2964,Female,20,Mechanical,4,3,64,6.3,0,Yes,Yes,No,High,7.81,No
STU2965,Female,19,Computer Science,6,5,53.8,3.4,2,No,No,No,Medium,6.97,Yes
STU2966,Male,22,Computer Science,7,7.2,78,6,0,No,Yes,No,Low,9.76,Yes
STU2967,Male,21,Computer Science,1,3,68.4,7.5,0,Yes,No,No,Low,8.14,No
STU2968,Male,22,Electronics,3,1.3,100,8.4,0,No,No,No,Medium,8.09,No
STU2969,Male,20,IT,6,5.3,76,5.5,1,Yes,Yes,No,Medium,7.37,No
STU2970,Male,20,Electrical,8,5.6,93.5,7.1,0,Yes,Yes,No,Low,10,Yes
STU2971,Female,21,Mechanical,3,4,59.2,7.8,0,No,Yes,No,High,7.04,Yes
STU2972,Male,20,Computer Science,8,2.9,71.6,6.5,1,No,No,No,Medium,7.19,Yes
STU2973,Male,21,Electrical,7,6,79.2,3.8,0,No,No,No,Low,8.22,Yes
STU2974,Male,19,Mechanical,6,5.1,67.1,6.8,0,No,Yes,No,Medium,8.7,Yes
STU2975,Female,20,Computer Science,7,2.5,72.9,7.4,0,No,Yes,No,Low,7.79,Yes
STU2976,Male,18,Electrical,8,4.1,75.4,5.4,1,Yes,Yes,No,Medium,7.61,Yes
STU2977,Male,19,IT,8,1.3,75.2,6.2,3,Yes,Yes,No,Low,6.68,No
STU2978,Female,18,Civil,6,5.4,100,5.1,0,Yes,Yes,No,Medium,9.81,Yes
STU2979,Female,18,Civil,7,3.5,82.5,3.4,0,No,Yes,No,Low,7.85,Yes
STU2980,Male,22,Computer Science,1,3.1,83.8,7.7,0,Yes,No,Yes,Medium,8.63,Yes
STU2981,Female,19,Computer Science,3,3.9,84.5,6.5,1,Yes,Yes,No,Low,8.82,Yes
STU2982,Male,20,Civil,6,4.1,85.4,8.4,1,No,Yes,No,Medium,8.72,Yes
STU2983,Male,21,Computer Science,1,5.8,77,7.5,1,Yes,Yes,No,Low,8.36,Yes
STU2984,Male,20,Electronics,2,5.2,74.2,6.1,1,Yes,No,No,Low,7.15,Yes
STU2985,Male,19,IT,7,3.7,80,6.4,2,Yes,Yes,Yes,Low,7.41,Yes
STU2986,Female,21,IT,5,5.5,91.9,7.2,1,Yes,Yes,No,Low,9.02,Yes
STU2987,Male,20,Electronics,6,4.8,91.5,7.7,1,No,Yes,No,Medium,7.93,Yes
STU2988,Male,21,IT,4,3.1,75.1,6.9,1,No,Yes,No,High,7.45,No
STU2989,Female,21,IT,1,3.8,87.2,7.8,0,Yes,Yes,No,Medium,8.41,Yes
STU2990,Female,22,Civil,1,3.7,75.7,6.1,1,Yes,Yes,No,High,8.45,Yes
STU2991,Male,20,Computer Science,6,5,78.4,5.3,1,No,Yes,No,Low,9.2,Yes
STU2992,Female,19,Computer Science,8,3.3,72.3,6.4,1,No,Yes,No,Low,8.13,Yes
STU2993,Male,20,Electronics,1,3.2,75.8,6.7,0,No,No,No,Medium,7.92,Yes
STU2994,Female,18,Computer Science,2,7.9,94.1,5.1,0,No,Yes,Yes,High,10,Yes
STU2995,Female,21,Computer Science,1,5.9,79.1,4.9,0,Yes,Yes,No,Medium,9.28,Yes
STU2996,Female,18,Computer Science,5,2.5,79.6,7,1,No,Yes,No,Medium,7.27,Yes
STU2997,Male,19,Electronics,5,5.1,60.6,6,0,No,Yes,No,Low,9.55,Yes
STU2998,Male,21,Electrical,8,4.2,74.3,6.3,0,Yes,Yes,No,Low,7.83,Yes
STU2999,Male,20,Computer Science,7,4.8,75.1,6.1,0,No,Yes,No,Medium,8.85,Yes
STU3000,Male,19,Civil,7,4.3,68.1,8.3,2,Yes,Yes,No,Medium,7.79,Yes
STU3001,Male,20,Civil,8,6.4,78.3,8,0,Yes,Yes,No,Low,9.03,Yes
STU3002,Female,21,Computer Science,4,4.7,72.8,5,0,No,Yes,No,High,8.69,Yes
STU3003,Male,19,Electrical,2,3.9,79,5.9,0,No,No,No,High,8.81,Yes
STU3004,Male,21,Mechanical,5,6.1,79.5,7.5,1,Yes,Yes,No,High,8.75,Yes
STU3005,Female,18,Electronics,8,4.5,66.5,7.2,0,Yes,Yes,No,High,8.55,Yes
STU3006,Male,21,IT,6,4.2,73.2,6.5,3,No,Yes,No,Low,6.82,No
STU3007,Female,21,Computer Science,3,4.6,78.9,5.1,1,Yes,Yes,No,High,8.42,Yes
STU3008,Male,19,Civil,3,3.8,92.2,5.7,0,No,Yes,No,Medium,8.32,Yes
STU3009,Male,20,Computer Science,3,4,81.1,5.9,1,No,No,No,High,7.63,Yes
STU3010,Male,19,IT,7,2.8,70.1,6.8,0,No,Yes,No,Low,7.73,No
STU3011,Male,21,Electronics,6,2.5,82.8,8.5,1,No,Yes,No,Medium,8.17,Yes
STU3012,Female,20,Mechanical,1,2,98.5,5.7,0,No,Yes,No,Low,6.91,Yes
STU3013,Male,20,Computer Science,6,1.2,89,5.3,3,No,Yes,No,Low,5.42,No
STU3014,Male,19,Civil,1,2.2,84.6,6.4,1,Yes,Yes,No,High,8.65,Yes
STU3015,Male,19,IT,3,3.7,86.7,7.7,1,No,Yes,No,High,8.08,Yes
STU3016,Male,18,Electronics,4,4.2,95.3,4.8,0,Yes,Yes,No,Medium,8.37,Yes
STU3017,Female,19,Mechanical,4,3.5,90.9,8.2,0,Yes,Yes,Yes,Medium,8.93,No
STU3018,Male,20,Electronics,8,0,84.8,6.3,1,Yes,No,No,Medium,6.04,No
STU3019,Female,21,IT,1,7.1,90.8,5.6,0,No,Yes,No,Medium,8.32,Yes
STU3020,Female,20,Electronics,3,6.2,65,4.6,0,Yes,Yes,No,Medium,8.91,Yes
STU3021,Female,20,IT,6,4.9,60,7.3,0,No,Yes,No,Medium,7.84,Yes
STU3022,Female,22,IT,4,7.8,79.9,6.3,0,No,Yes,No,Medium,9.7,Yes
STU3023,Male,21,Electronics,1,2,78.8,6.7,1,Yes,Yes,No,High,7.31,Yes
STU3024,Male,22,Computer Science,8,7.8,71.5,5.4,0,No,Yes,Yes,Medium,9.52,Yes
STU3025,Male,20,Electronics,6,2.1,87.9,6.1,0,No,Yes,No,Medium,6.77,No
STU3026,Female,19,IT,3,4.5,55.6,5.9,0,No,Yes,No,High,8,Yes
STU3027,Female,18,Computer Science,2,1.5,71.6,6.4,1,Yes,Yes,No,High,7.04,No
STU3028,Male,21,Mechanical,3,4,72.2,5.7,0,No,Yes,No,High,7.29,Yes
STU3029,Female,18,IT,7,4.8,58.4,4.7,2,No,Yes,No,Medium,6.17,No
STU3030,Male,19,Electronics,3,3.7,95.9,9.8,0,Yes,Yes,Yes,Medium,8.06,Yes
STU3031,Female,20,Mechanical,8,5.4,61.7,4.9,2,Yes,No,No,Low,7.82,Yes
STU3032,Male,20,Computer Science,6,4.2,70.9,6.7,0,No,Yes,No,Low,7.02,Yes
STU3033,Female,20,Computer Science,8,3,88.9,4.4,0,No,Yes,Yes,Medium,8.55,Yes
STU3034,Female,19,IT,6,2.9,85.8,4.1,0,Yes,Yes,No,Low,8.17,Yes
STU3035,Male,19,Computer Science,5,5.6,64.7,6.6,1,Yes,Yes,No,Medium,7.93,Yes
STU3036,Male,20,Computer Science,5,2.7,86.2,6.7,1,No,Yes,No,High,6.62,No
STU3037,Male,22,IT,6,5.8,81.5,8,0,Yes,Yes,No,High,8.58,Yes
STU3038,Male,21,Electronics,6,6.4,100,7,0,No,No,No,Low,10,Yes
STU3039,Male,22,Electrical,2,0.7,82.8,6.3,2,Yes,Yes,No,Medium,6.97,Yes
STU3040,Female,21,Electrical,2,6.3,76.3,5.4,2,No,Yes,No,High,7.38,No
STU3041,Female,20,Computer Science,3,8.1,67.7,8.3,0,Yes,Yes,No,Medium,10,Yes
STU3042,Male,19,Computer Science,8,4.5,69.1,7.6,1,No,Yes,No,High,8.25,Yes
STU3043,Male,20,Civil,7,5.2,68.1,5,0,No,Yes,No,High,8.43,Yes
STU3044,Female,20,Electronics,8,6.1,94.5,6.5,0,No,Yes,No,Medium,8.91,Yes
STU3045,Female,20,Computer Science,4,3.4,78.2,6.7,0,No,Yes,Yes,Medium,7.74,No
STU3046,Male,20,Civil,8,4.4,84.8,6.1,0,Yes,Yes,No,Medium,9.63,Yes
STU3047,Female,20,Computer Science,7,1.4,96.2,7.4,1,Yes,No,No,Medium,7.39,Yes
STU3048,Male,19,IT,2,4.3,49.7,7.5,0,No,No,No,Medium,8.67,Yes
STU3049,Male,20,Computer Science,3,5,93.3,6.3,1,No,Yes,No,Medium,8.58,Yes
STU3050,Male,19,Computer Science,7,5,78.7,6.2,2,No,Yes,No,High,7.36,No
STU3051,Male,21,Computer Science,8,6.1,83.2,8.3,0,Yes,Yes,No,Low,9.56,Yes
STU3052,Male,19,Electrical,1,2.5,68.1,7.6,0,No,Yes,No,High,8.91,Yes
STU3053,Female,18,Civil,5,2.9,68.9,6.6,1,No,Yes,No,Medium,6.84,No
STU3054,Female,20,IT,7,7.8,83.9,4.5,0,Yes,Yes,No,High,10,Yes
STU3055,Female,20,Electronics,4,3.7,100,6.9,0,No,Yes,No,Low,8.75,Yes
STU3056,Male,20,Electronics,3,4.4,90,7.3,0,No,No,No,Low,7.84,Yes
STU3057,Male,19,Computer Science,7,3.9,93.2,3.2,0,No,Yes,No,Medium,7.51,No
STU3058,Female,20,Electronics,6,2.4,75.7,6.8,2,Yes,Yes,No,Medium,6.42,No
STU3059,Male,19,Mechanical,8,7.2,70.8,6,1,Yes,Yes,No,Low,8.94,Yes
STU3060,Male,22,Mechanical,1,2.9,68.6,6.2,1,Yes,Yes,No,High,7.72,Yes
STU3061,Male,22,Computer Science,5,1.7,72.1,5.4,1,No,Yes,No,Medium,5.86,No
STU3062,Female,20,Electrical,1,3.1,53.4,6.3,3,No,Yes,No,High,6.36,No
STU3063,Male,19,Computer Science,3,0,69.3,8.2,0,Yes,Yes,No,Medium,6.72,No
STU3064,Male,21,Electrical,8,2.7,71.3,6,0,No,Yes,No,Low,7.67,Yes
STU3065,Female,18,Computer Science,2,2.1,75.9,7.7,2,No,Yes,No,Medium,6.99,No
STU3066,Male,20,Electronics,5,5.2,79.6,5.5,2,No,Yes,Yes,High,8.73,Yes
STU3067,Male,19,Electronics,8,2.7,82.3,7.4,0,Yes,Yes,No,Medium,8.14,Yes
STU3068,Male,22,Electronics,1,5.8,77.8,6.5,0,Yes,No,No,Low,8.1,Yes
STU3069,Male,18,Mechanical,2,6.8,71,6.9,0,No,Yes,No,High,9.03,Yes
STU3070,Female,20,Electronics,4,5.6,54.4,6.5,0,Yes,No,No,Low,8.88,Yes
STU3071,Male,21,Electronics,3,3.6,71.1,7.3,1,No,Yes,No,Medium,8.08,Yes
STU3072,Male,20,Civil,3,4.3,66.3,3.4,0,No,No,No,Medium,8.4,Yes
STU3073,Female,18,Civil,5,1,83.6,4.8,0,Yes,Yes,No,Medium,6.96,Yes
STU3074,Female,22,IT,1,3.7,88.9,7,0,Yes,Yes,No,Low,7.6,Yes
STU3075,Female,20,Computer Science,4,2.3,89.3,4,2,No,Yes,Yes,High,7.14,No
STU3076,Male,20,Mechanical,6,5.4,87.1,5.9,0,Yes,Yes,No,High,8.2,Yes
STU3077,Male,19,Mechanical,5,9.1,76.4,6.4,0,Yes,Yes,Yes,Medium,10,Yes
STU3078,Female,20,Electronics,8,5,71.7,5.5,3,No,Yes,No,Low,7.37,No
STU3079,Female,20,Electronics,6,0,69,5.7,1,No,Yes,No,Low,5.88,No
STU3080,Male,18,Electronics,5,3.3,59.9,6.8,1,No,Yes,No,Low,7.13,Yes
STU3081,Male,18,Computer Science,1,4.2,89.9,7.7,0,No,Yes,No,Medium,8.77,Yes
STU3082,Male,21,Computer Science,4,4.2,75.9,5.3,0,Yes,Yes,No,Medium,7.88,No
STU3083,Female,19,Computer Science,1,2.5,63,5.8,1,Yes,Yes,No,Low,6.1,No
STU3084,Male,19,Civil,3,4.5,68.1,5.6,1,No,Yes,No,Medium,7.69,No
STU3085,Male,20,Civil,6,1.5,67.6,3.6,0,No,No,No,Medium,7.1,Yes
STU3086,Male,21,Electrical,2,2.1,78.5,6.7,0,No,Yes,No,High,8.46,Yes
STU3087,Female,18,Civil,7,5.3,90.8,7.6,0,Yes,No,Yes,Medium,8.58,Yes
STU3088,Female,20,Computer Science,8,2,73.8,7.7,1,Yes,Yes,No,Medium,7.7,Yes
STU3089,Male,18,IT,3,5.1,51,5.5,0,Yes,No,No,Medium,7.39,Yes
STU3090,Female,18,IT,3,1.3,75.7,5,0,No,Yes,No,Medium,6.41,No
STU3091,Female,18,Electronics,6,7.5,76.1,6.5,2,Yes,Yes,No,Medium,8.29,Yes
STU3092,Male,21,Mechanical,8,2.5,75.3,7.5,1,Yes,Yes,No,Medium,6.69,Yes
STU3093,Male,18,Electrical,5,3.6,70.5,6.7,0,No,Yes,Yes,Medium,7.19,Yes
STU3094,Male,18,Mechanical,3,4.7,80.6,6.8,1,No,Yes,No,Medium,9.26,Yes
STU3095,Female,20,Electrical,7,2.9,78.8,7.9,0,No,Yes,No,High,7.72,Yes
STU3096,Female,21,Computer Science,4,4.3,77.7,5.6,1,No,Yes,No,Medium,9.23,Yes
STU3097,Female,19,Computer Science,3,5.2,83,6.2,1,No,Yes,No,Medium,7.69,Yes
STU3098,Female,20,Electronics,4,5.9,72.8,8.5,1,Yes,Yes,No,Medium,7.42,No
STU3099,Male,18,Mechanical,1,5.6,72.2,6.3,1,No,Yes,No,Low,8.99,Yes
STU3100,Female,20,IT,8,3.7,94.6,5,0,Yes,Yes,No,Medium,8,Yes
STU3101,Male,20,Electrical,5,3.7,84.7,5.7,1,Yes,Yes,No,High,7.86,Yes
STU3102,Male,20,Electronics,4,8.7,87.9,5.4,0,No,Yes,No,Medium,9.26,Yes
STU3103,Female,19,Computer Science,3,5.9,92.7,6.9,0,No,Yes,No,Low,9.24,Yes
STU3104,Female,19,IT,5,2.2,84.3,5.4,2,No,Yes,No,Medium,5.9,Yes
STU3105,Male,18,Mechanical,7,4.2,89.1,6.8,0,No,No,No,Low,8.55,Yes
STU3106,Female,19,Computer Science,5,3.3,59,5.6,3,No,Yes,No,Medium,5.83,No
STU3107,Female,18,Electronics,4,3.7,80.4,4,0,No,Yes,Yes,Low,8.24,Yes
STU3108,Male,21,Civil,8,1.5,75.8,6.9,1,No,Yes,No,Medium,7.26,Yes
STU3109,Female,22,IT,4,3.2,98.1,6.7,0,No,Yes,No,Medium,8.56,Yes
STU3110,Male,22,Electronics,2,7.6,89.1,7.1,0,Yes,Yes,Yes,Medium,10,Yes
STU3111,Male,21,Electronics,2,5.2,70.4,5.7,0,Yes,Yes,No,Medium,8.45,Yes
STU3112,Male,20,Electrical,5,0,82.5,5.6,0,No,Yes,No,Low,6.67,No
STU3113,Female,21,Civil,6,6.4,80,7,0,Yes,Yes,Yes,Medium,9.47,Yes
STU3114,Female,19,Electronics,8,6.2,83.5,8.3,1,No,Yes,Yes,Medium,8.69,No
STU3115,Male,20,Computer Science,6,3.3,65.8,6.5,0,No,Yes,No,Low,7.75,No
STU3116,Male,20,Civil,2,5.4,82.3,7,1,No,Yes,No,Medium,8.62,Yes
STU3117,Female,20,Computer Science,3,2.3,75.3,6.1,0,No,No,No,Medium,7,No
STU3118,Male,21,Computer Science,1,3.1,81.4,4.6,0,Yes,Yes,Yes,Low,8.8,Yes
STU3119,Female,19,Mechanical,5,7,69.3,7.7,0,No,Yes,Yes,Low,9.07,Yes
STU3120,Female,19,Computer Science,1,3.5,71,7.6,3,Yes,Yes,Yes,Low,6.6,No
STU3121,Male,22,Mechanical,2,0.3,92.1,7.4,0,Yes,Yes,No,Medium,7.29,No
STU3122,Female,18,Computer Science,4,3.9,65.4,6.3,0,No,Yes,No,Low,8.38,Yes
STU3123,Male,20,Civil,7,3.8,66.3,7.2,1,Yes,Yes,No,Low,7.72,Yes
STU3124,Female,22,Computer Science,5,6.4,77.4,7.6,0,Yes,No,No,Medium,9.14,Yes
STU3125,Female,20,Computer Science,2,4,68.7,8.4,1,No,Yes,No,High,8.56,Yes
STU3126,Female,20,Computer Science,8,3.2,67.4,7.7,0,No,Yes,No,Medium,5.93,No
STU3127,Male,19,Electrical,3,6.1,79.3,6.6,0,No,Yes,Yes,High,9.8,Yes
STU3128,Female,19,IT,7,4.2,59.9,4.9,0,No,Yes,Yes,Low,8.47,Yes
STU3129,Male,21,Computer Science,5,2.5,65.9,6.7,1,No,Yes,No,Low,5.93,No
STU3130,Male,20,IT,5,6.3,100,6.8,1,Yes,No,Yes,Low,9.6,Yes
STU3131,Male,20,Mechanical,8,4.4,83.5,7.4,1,No,No,No,High,8.72,Yes
STU3132,Female,18,Electrical,6,4,69,8.1,1,No,Yes,No,Medium,8.02,No
STU3133,Male,18,Electronics,4,4.4,83,6.4,2,Yes,Yes,No,Medium,6.58,No
STU3134,Female,22,Civil,5,1.9,84.8,9,0,No,No,No,Medium,8.22,Yes
STU3135,Female,19,Computer Science,4,2.9,89.9,4.4,0,No,Yes,No,Medium,8.64,Yes
STU3136,Male,20,Electronics,2,4,76.5,7,1,Yes,Yes,Yes,Medium,7.44,Yes
STU3137,Female,18,Electrical,3,3.6,89.7,5.5,1,Yes,Yes,No,Medium,8.09,Yes
STU3138,Male,20,Mechanical,7,6.5,53.5,4.2,0,Yes,Yes,No,High,8.34,Yes
STU3139,Female,22,Computer Science,7,4.4,65.3,6.3,1,No,Yes,No,Medium,8.19,Yes
STU3140,Female,20,Computer Science,3,5.7,80,4.8,0,No,Yes,No,Medium,8.65,Yes
STU3141,Male,18,Civil,5,4,82,6.3,1,No,Yes,No,Medium,7.51,Yes
STU3142,Female,20,Mechanical,5,6.1,67.1,6.5,1,No,Yes,Yes,High,8.28,Yes
STU3143,Male,21,Electronics,2,4.8,81.1,7.8,1,No,Yes,No,Low,7.39,Yes
STU3144,Male,20,Electrical,6,4,70.5,4.7,0,No,Yes,Yes,Low,7.96,Yes
STU3145,Female,21,Computer Science,6,4,74.7,7.6,1,No,Yes,No,Medium,7.99,Yes
STU3146,Male,20,Electronics,6,2.1,90.3,6.6,1,No,Yes,No,Medium,7.89,Yes
STU3147,Male,21,Electrical,4,5,88.9,7.7,0,No,Yes,Yes,High,9.06,Yes
STU3148,Male,20,Electronics,6,3.9,66,6,1,No,Yes,No,Medium,6.63,No
STU3149,Female,18,Computer Science,3,3,65.3,4.9,3,No,Yes,No,Medium,6.91,No
STU3150,Male,19,Mechanical,7,6.2,73.1,5,0,No,Yes,No,Low,9.74,Yes
STU3151,Male,19,IT,7,1.5,77.7,4.9,0,No,Yes,No,Medium,7.39,No
STU3152,Female,22,Computer Science,4,3.2,70.1,7.1,0,No,Yes,Yes,Medium,7.43,Yes
STU3153,Female,21,Electrical,2,6.1,90.5,8.3,0,No,Yes,No,Medium,9.04,Yes
STU3154,Male,20,IT,3,4.6,82.2,5.8,2,No,Yes,Yes,Low,7.42,Yes
STU3155,Male,19,Computer Science,7,3.9,82.9,7.3,1,No,Yes,No,High,8.06,Yes
STU3156,Male,19,Civil,3,4.5,62.8,4.7,0,No,Yes,No,Medium,7.88,Yes
STU3157,Male,21,Electronics,7,4.4,92,6.7,1,Yes,Yes,No,Low,7.7,Yes
STU3158,Male,20,Electronics,1,1,44.2,7.3,1,Yes,Yes,Yes,High,6.71,No
STU3159,Female,19,IT,2,3.3,88,4.8,1,No,Yes,No,Medium,7.81,Yes
STU3160,Female,20,Electrical,2,7.2,89.2,6.3,0,Yes,No,Yes,Medium,8.99,Yes
STU3161,Female,18,Computer Science,8,2.7,72.8,7.4,1,No,Yes,No,High,7.45,Yes
STU3162,Male,19,Electronics,1,3.4,93.3,3,0,No,Yes,No,Low,8.3,No
STU3163,Female,20,Electronics,4,2.9,77.2,8.1,0,No,Yes,No,Low,7.53,Yes
STU3164,Male,18,Electronics,7,3.8,78.7,6.9,1,No,Yes,No,Medium,8.47,Yes
STU3165,Female,22,Electronics,8,2.8,82.1,7.4,3,No,Yes,No,Low,6.57,No
STU3166,Female,19,Computer Science,7,5,100,6,0,No,Yes,No,High,8.92,Yes
STU3167,Male,18,Civil,7,4.4,94.1,4.4,2,No,Yes,No,High,7.59,Yes
STU3168,Female,19,Electronics,6,5.5,86.4,7.1,0,No,No,Yes,Medium,9.27,Yes
STU3169,Male,21,Computer Science,6,1.9,67,6.4,1,Yes,Yes,No,High,6.78,Yes
STU3170,Female,20,IT,6,3.3,79.7,6.5,0,Yes,No,No,Low,8.03,Yes
STU3171,Male,20,IT,6,3.5,68.2,7.8,0,No,Yes,No,Medium,8.62,Yes
STU3172,Male,18,Electronics,6,4.9,87.9,7.4,1,No,No,No,High,7.49,Yes
STU3173,Female,18,Computer Science,1,2.4,79.7,8.8,1,No,No,No,High,6.62,Yes
STU3174,Male,20,Mechanical,2,5.8,64.5,6.7,1,No,No,No,Medium,8.62,Yes
STU3175,Female,21,Computer Science,4,6.4,79,5.7,1,Yes,Yes,No,Low,10,Yes
STU3176,Male,21,Computer Science,3,2,67.8,6.3,1,No,No,No,Low,7.4,Yes
STU3177,Female,18,Civil,6,3,79.8,7,2,Yes,No,No,Medium,8.11,No
STU3178,Female,20,Computer Science,1,2.9,67.7,7.7,1,No,Yes,No,Medium,6.99,Yes
STU3179,Male,22,Computer Science,8,9.3,78.3,4.7,0,No,Yes,No,Low,9.67,Yes
STU3180,Male,19,Computer Science,8,3.1,87,6.5,0,No,Yes,No,Medium,8.42,Yes
STU3181,Male,21,Computer Science,7,7.4,77.4,8.4,0,No,Yes,Yes,High,10,Yes
STU3182,Male,18,Computer Science,4,1.5,73.3,6.2,1,No,Yes,No,Medium,6.01,No
STU3183,Male,22,Electrical,8,2,80.4,7.6,0,No,Yes,No,Low,7.56,Yes
STU3184,Female,21,Computer Science,4,2.6,86.4,7.1,0,No,Yes,No,High,7.98,Yes
STU3185,Female,22,Computer Science,4,2.3,64.7,7.6,0,No,Yes,No,Low,7.07,No
STU3186,Female,20,Computer Science,1,3.5,81.1,5.5,1,No,Yes,Yes,Medium,7.28,No
STU3187,Female,19,Electrical,3,2.6,93.8,5.5,0,Yes,Yes,Yes,Low,8.57,No
STU3188,Female,22,Mechanical,6,2.4,84.9,6.5,0,Yes,Yes,No,Medium,8.14,No
STU3189,Female,19,Electronics,4,6.3,78.7,4.7,1,No,Yes,No,Medium,8.99,Yes
STU3190,Male,19,IT,1,6.4,85.7,6.2,1,Yes,Yes,No,Medium,8.97,Yes
STU3191,Female,21,Electronics,7,5.9,83.4,6.8,0,No,Yes,No,Medium,8.55,Yes
STU3192,Female,21,Electronics,2,5,87,8.6,1,No,Yes,No,Low,8.67,Yes
STU3193,Female,22,Computer Science,7,4.2,53.7,7,0,No,Yes,No,Medium,7.32,Yes
STU3194,Male,19,Electronics,1,3,59.4,7.3,2,No,Yes,No,Medium,6.42,No
STU3195,Male,21,Electronics,1,2.1,90.1,7.9,0,Yes,Yes,No,Low,7.31,Yes
STU3196,Male,21,Civil,1,4.7,59.9,5.3,3,Yes,Yes,No,High,6.24,No
STU3197,Female,18,Computer Science,4,1.7,82.8,6.3,3,No,Yes,No,High,6.12,No
STU3198,Male,19,Mechanical,1,2,73.8,9.4,1,Yes,No,No,High,6.87,No
STU3199,Male,19,Computer Science,2,6.3,66,6.4,0,Yes,Yes,No,Medium,8.32,Yes
STU3200,Female,19,Computer Science,4,7.8,82.2,7.8,0,No,Yes,No,Low,10,Yes
STU3201,Male,22,Electronics,7,4.8,80.4,7.7,0,No,No,No,Medium,8.6,Yes
STU3202,Male,20,Electrical,2,6.2,100,4.7,1,No,No,Yes,High,8.59,Yes
STU3203,Male,21,Electronics,8,3.5,70.5,6.9,1,No,No,No,Low,6.83,No
STU3204,Female,22,Civil,5,1.3,95.3,6.7,2,No,Yes,No,Medium,5.57,No
STU3205,Female,19,Computer Science,7,5.2,82.2,6.9,1,No,Yes,Yes,Medium,8.18,Yes
STU3206,Male,21,Computer Science,1,5.1,70.1,5.6,1,No,No,No,Low,7.14,Yes
STU3207,Female,20,Computer Science,6,4.1,87.6,5.2,1,No,No,No,Medium,8.37,Yes
STU3208,Male,21,Electronics,6,3.5,84.8,5.9,0,Yes,Yes,No,High,8.23,Yes
STU3209,Female,19,Computer Science,4,5.9,78.4,6.4,0,No,Yes,Yes,Medium,9.89,Yes
STU3210,Female,22,Computer Science,6,2,81.2,7.9,1,No,Yes,No,Low,7.35,No
STU3211,Female,19,IT,7,2.5,70.8,8.7,2,No,Yes,Yes,Medium,6.29,No
STU3212,Male,19,Computer Science,4,2,68.1,8.2,1,No,Yes,No,Low,5.84,No
STU3213,Female,21,Mechanical,7,4.2,87.1,7.5,1,Yes,Yes,Yes,Medium,8.57,Yes
STU3214,Female,19,Electronics,1,1.8,75.3,5.3,2,Yes,Yes,No,High,5.62,Yes
STU3215,Male,20,Mechanical,3,2.6,77,6,1,No,Yes,Yes,Medium,7.01,Yes
STU3216,Female,20,Mechanical,3,2.6,81.4,6.8,0,No,Yes,No,Medium,8.88,Yes
STU3217,Male,21,Electronics,2,3.5,81.2,5.7,1,No,Yes,No,Medium,8,Yes
STU3218,Female,19,Computer Science,1,1,60.8,7.2,1,Yes,Yes,Yes,Medium,6.66,Yes
STU3219,Male,18,Civil,6,4.2,93.4,7.4,0,No,Yes,No,Medium,9.27,Yes
STU3220,Female,19,IT,1,6.5,79.5,7.1,0,Yes,Yes,No,High,9.76,Yes
STU3221,Male,20,Computer Science,5,4.3,75.6,7.7,3,No,Yes,No,Medium,7.85,No
STU3222,Male,19,Computer Science,3,7.1,83.2,5.4,0,Yes,Yes,No,High,9.06,Yes
STU3223,Male,19,IT,6,6.7,80.8,7.6,1,No,Yes,No,High,8.61,Yes
STU3224,Male,19,Electronics,7,5.6,87.2,5.7,1,No,Yes,No,Medium,7.94,Yes
STU3225,Male,18,Mechanical,7,4.1,84.5,5.4,1,No,Yes,No,High,7.88,Yes
STU3226,Male,20,Electronics,3,4,86.6,7.1,1,Yes,Yes,Yes,Low,7.91,Yes
STU3227,Female,21,Computer Science,1,5.5,94.2,8,1,Yes,Yes,No,Medium,7.66,No
STU3228,Male,19,Mechanical,6,3.2,88.6,7.1,0,No,Yes,No,Medium,7.85,Yes
STU3229,Male,20,Mechanical,2,0.2,76.1,6.5,0,Yes,No,No,Medium,7.78,No
STU3230,Female,20,Computer Science,7,5,64.5,6.9,2,No,Yes,No,High,7.53,Yes
STU3231,Male,20,Electronics,1,1.7,98,6.7,0,Yes,Yes,No,Low,8.32,Yes
STU3232,Female,21,IT,2,2.1,75.1,5.1,1,No,Yes,Yes,Low,6.92,No
STU3233,Female,20,Mechanical,8,4,72.3,5,1,Yes,Yes,Yes,High,6.46,Yes
STU3234,Female,20,Computer Science,6,3.8,57.2,6.4,0,No,No,No,Low,7.72,Yes
STU3235,Female,18,Mechanical,3,1.2,82.1,6.6,2,No,Yes,No,Low,7.02,Yes
STU3236,Female,20,Civil,8,4.3,79.8,6.5,1,No,No,No,Medium,7.21,No
STU3237,Male,20,IT,5,5.9,59.8,7.3,0,Yes,Yes,Yes,Medium,9.07,Yes
STU3238,Male,18,Mechanical,8,1.7,83.4,6.2,3,No,No,No,Medium,5.05,No
STU3239,Male,19,Computer Science,4,6.5,72,7.2,1,No,Yes,No,High,8.59,Yes
STU3240,Female,22,Civil,3,0.9,100,6.3,1,Yes,No,Yes,Low,7.46,No
STU3241,Male,20,Civil,2,8.2,71.2,8.7,1,No,Yes,Yes,High,9.04,Yes
STU3242,Female,20,Computer Science,1,3.2,72.8,6.6,0,No,Yes,No,Low,9.39,Yes
STU3243,Female,22,Electronics,8,4.3,67.5,9.3,1,Yes,Yes,No,Low,7.52,No
STU3244,Female,21,Electronics,7,0.2,93.3,6.9,0,No,Yes,No,Medium,6.93,No
STU3245,Male,20,Civil,6,3.9,73.5,6.2,1,No,Yes,No,Low,7.77,Yes
STU3246,Male,21,Computer Science,8,4.5,69.3,5.4,1,Yes,Yes,Yes,Medium,7.28,Yes
STU3247,Female,21,Mechanical,3,3.8,86.5,4.8,2,Yes,Yes,No,Medium,6.44,No
STU3248,Female,20,Electrical,7,2.9,61.4,5.3,1,No,Yes,No,Low,6.35,No
STU3249,Male,20,IT,7,2.1,85.5,5.4,0,No,Yes,No,High,8.17,Yes
STU3250,Male,19,Electrical,5,6.3,99.4,7,1,Yes,Yes,No,Medium,8.86,Yes
STU3251,Female,22,Electrical,6,4.1,84.8,5.9,1,No,Yes,No,High,8.95,Yes
STU3252,Female,20,Computer Science,8,7.1,85.7,6.7,0,No,Yes,No,High,9.27,Yes
STU3253,Female,18,Mechanical,2,2.9,88.4,8,0,Yes,Yes,Yes,Low,8.61,Yes
STU3254,Female,21,Electronics,6,3.1,98.5,6.4,1,No,Yes,No,Medium,8.18,Yes
STU3255,Female,20,IT,8,5.6,92.5,9,2,No,Yes,No,Medium,7.99,Yes
STU3256,Male,18,Computer Science,6,0.8,83.3,5.1,1,Yes,Yes,No,High,6.17,No
STU3257,Male,20,Electrical,1,1.6,88.8,6.3,2,No,Yes,No,High,5.61,No
STU3258,Male,20,Mechanical,4,6.2,67.4,5.9,0,No,Yes,No,Medium,9.14,Yes
STU3259,Male,21,IT,8,1.7,87.3,7.6,2,Yes,Yes,Yes,Low,7.44,No
STU3260,Female,19,Computer Science,7,0.4,65.9,3.8,1,Yes,Yes,No,Medium,5.19,No
STU3261,Female,21,Computer Science,2,7.7,73.6,4.8,0,Yes,Yes,No,High,9.18,Yes
STU3262,Female,20,IT,8,1.2,41,6.4,2,Yes,Yes,No,Medium,5.16,No
STU3263,Male,18,Computer Science,8,4.4,82.8,8.4,1,Yes,Yes,No,High,8.45,Yes
STU3264,Female,22,IT,1,4.1,70.3,6.8,0,No,No,No,Medium,7.98,Yes
STU3265,Female,20,Computer Science,7,0,91.3,4.9,0,No,Yes,Yes,Low,7.86,Yes
STU3266,Female,19,Civil,4,3.5,82.7,5.1,0,Yes,Yes,Yes,High,7.9,No
STU3267,Female,20,Electronics,1,4.9,91.5,8.5,0,No,Yes,No,High,8.23,Yes
STU3268,Male,21,Mechanical,4,4.7,65,5.8,0,Yes,Yes,No,Low,7.95,Yes
STU3269,Male,19,Civil,4,5.8,90.5,5.4,0,Yes,Yes,No,Low,8.89,Yes
STU3270,Male,19,Electronics,4,3.2,100,8.3,0,Yes,Yes,No,Medium,8.85,Yes
STU3271,Male,18,Computer Science,1,5.4,87.2,7.7,2,Yes,Yes,No,Medium,7.79,No
STU3272,Male,19,Computer Science,6,2.6,87.5,8,1,No,Yes,No,Medium,7.82,Yes
STU3273,Female,21,Mechanical,8,1.2,80,5.4,0,Yes,Yes,Yes,Low,6.82,Yes
STU3274,Female,20,Mechanical,4,1.4,71.7,4.7,2,No,Yes,No,Medium,5.98,No
STU3275,Female,19,Civil,6,1.1,87.1,6.7,1,Yes,Yes,No,Medium,6.49,No
STU3276,Female,19,Mechanical,8,6,59.9,6.9,1,Yes,No,No,Medium,7.64,Yes
STU3277,Male,19,Electronics,7,1,73,6.9,1,No,Yes,No,Medium,7.42,No
STU3278,Female,22,Electronics,8,4.5,56.7,8.3,1,Yes,No,No,High,7.19,Yes
STU3279,Male,19,Computer Science,7,3.5,69.6,4.4,0,No,No,Yes,Medium,7.63,Yes
STU3280,Male,22,Electronics,2,3.8,85.7,7.5,0,Yes,No,No,Medium,9.05,Yes
STU3281,Male,20,Electrical,5,6.7,84.1,5.2,0,No,No,No,Medium,9.74,Yes
STU3282,Male,19,IT,6,3.1,78.6,7.5,1,No,No,No,Medium,8.52,No
STU3283,Male,21,Electronics,8,5.2,80,5.9,1,Yes,Yes,No,Medium,8.5,Yes
STU3284,Male,20,Mechanical,7,4.1,55.4,5.5,0,No,Yes,No,Medium,7.46,Yes
STU3285,Male,21,IT,5,3.7,73.5,5.8,1,No,Yes,No,Medium,8.79,Yes
STU3286,Female,22,Electronics,4,8.6,69.8,4.8,0,Yes,Yes,Yes,High,10,Yes
STU3287,Male,18,Computer Science,5,1.1,70.1,6.5,3,No,Yes,No,High,5.52,No
STU3288,Male,18,Computer Science,5,6.6,85.2,5.6,0,Yes,Yes,No,Medium,9.33,Yes
STU3289,Male,21,Mechanical,4,5.3,67.7,7.4,2,Yes,Yes,No,High,7.69,Yes
STU3290,Female,19,Electrical,6,3,70.7,7.3,2,Yes,No,No,High,6.69,No
STU3291,Male,19,Civil,8,7.3,53,8.5,1,No,Yes,No,High,7.71,No
STU3292,Male,18,Computer Science,4,0.3,74.5,6.9,1,Yes,Yes,No,Low,7.42,Yes
STU3293,Male,18,Computer Science,2,3,64.9,7.1,0,Yes,Yes,No,Medium,7.69,Yes
STU3294,Male,21,IT,3,1.6,79,8.2,2,No,Yes,No,Medium,6.66,Yes
STU3295,Male,18,IT,8,4.8,66.6,5.7,0,Yes,No,No,Medium,9.54,Yes
STU3296,Male,20,Mechanical,1,1.8,79.3,4.7,1,No,Yes,Yes,Low,6.54,No
STU3297,Male,20,Mechanical,4,4.9,76.3,6.7,0,Yes,Yes,No,Medium,8.97,Yes
STU3298,Male,20,Computer Science,4,3.6,98.1,4.8,0,No,Yes,Yes,Medium,7.99,Yes
STU3299,Male,18,IT,5,3,84,9.4,1,No,Yes,No,High,7.89,Yes
STU3300,Female,21,IT,2,4.8,55.9,8.2,2,Yes,Yes,No,Medium,7.33,No
STU3301,Female,18,Computer Science,7,3.5,62.8,9.1,1,Yes,Yes,No,Low,7.91,Yes
STU3302,Male,21,Civil,7,1.8,78.7,6.6,3,No,Yes,No,Low,6.76,No
STU3303,Male,21,Computer Science,5,9.6,66.8,7.2,0,No,Yes,No,Medium,9.71,Yes
STU3304,Female,20,Computer Science,6,3,42.4,5.9,0,Yes,No,Yes,Medium,8.04,Yes
STU3305,Male,20,Computer Science,8,0,94.2,7.6,0,Yes,Yes,Yes,Medium,8.16,Yes
STU3306,Male,20,Computer Science,4,2.3,86.6,5,1,Yes,Yes,No,Medium,7.14,No
STU3307,Female,19,Electronics,8,1.5,84.3,3.4,0,No,Yes,Yes,High,7.38,No
STU3308,Male,21,Electronics,8,5.7,70.7,5.6,0,No,Yes,No,Low,8.39,No
STU3309,Male,21,Mechanical,4,4.6,83.1,4.8,0,Yes,No,No,Medium,8.33,Yes
STU3310,Male,19,Electronics,5,4.8,69.5,8.3,0,Yes,Yes,No,High,7.76,Yes
STU3311,Female,20,Computer Science,8,3.3,80.5,8.7,1,Yes,No,No,High,8.17,No
STU3312,Male,22,Computer Science,4,3.4,67,4.8,1,Yes,Yes,No,Low,6.04,No
STU3313,Female,22,Mechanical,6,3.3,96.2,8.1,0,No,Yes,No,Low,8.07,Yes
STU3314,Female,20,Electronics,8,3.8,59.2,7.6,0,No,Yes,No,Low,7.87,Yes
STU3315,Male,20,Computer Science,3,5.7,92.8,4.6,0,Yes,Yes,Yes,High,9.86,Yes
STU3316,Male,19,IT,1,4.7,78.5,6,0,No,Yes,No,Medium,8.19,Yes
STU3317,Male,22,Civil,1,5,72.1,5.8,1,Yes,Yes,No,Medium,8.24,Yes
STU3318,Male,18,IT,1,5,80,7.4,1,No,Yes,No,Low,8.17,Yes
STU3319,Male,20,Electronics,3,5.8,86.8,5,0,No,Yes,No,Low,9.58,Yes
STU3320,Female,19,Computer Science,4,4.6,94.4,6.4,0,Yes,Yes,Yes,Medium,9.04,Yes
STU3321,Female,19,Civil,5,4.7,81.8,5.7,0,No,Yes,No,Medium,9.06,Yes
STU3322,Female,20,Computer Science,7,6.4,67.3,7.1,0,Yes,Yes,No,Medium,8.61,No
STU3323,Male,22,Electronics,2,2.7,78.7,6.2,1,No,Yes,Yes,Low,6.72,Yes
STU3324,Female,18,Computer Science,4,2.3,99.8,5.9,0,No,Yes,Yes,Medium,8.32,Yes
STU3325,Female,20,IT,3,1.6,94.2,6.2,0,Yes,Yes,No,High,7.46,No
STU3326,Female,18,Computer Science,8,4.4,88.9,8.9,1,No,Yes,No,Low,8.28,Yes
STU3327,Male,19,Electrical,6,0.3,87.5,6,0,No,Yes,No,High,7.35,No
STU3328,Female,20,IT,3,4.9,86.4,5.3,1,No,Yes,No,Low,8.95,Yes
STU3329,Male,20,Electronics,8,3.8,91.9,7.2,0,No,No,No,Low,9,Yes
STU3330,Male,19,Civil,7,6.3,72.5,6.3,0,Yes,No,No,Medium,8.56,Yes
STU3331,Male,19,Mechanical,1,2.7,61.7,4.8,1,No,No,No,High,6.23,No
STU3332,Female,18,IT,4,3.6,78.8,9.2,1,No,Yes,No,Medium,8.82,Yes
STU3333,Female,19,Electronics,7,6.2,68.2,6.1,0,No,Yes,Yes,Medium,7.89,Yes
STU3334,Male,22,IT,1,6.8,65.3,6,1,No,Yes,No,Medium,8.21,Yes
STU3335,Male,22,Electronics,2,2.6,69.4,6.7,2,Yes,Yes,No,Low,7.02,Yes
STU3336,Male,19,Electrical,8,4.4,100,8.6,2,Yes,Yes,Yes,Low,8.95,Yes
STU3337,Male,20,Electronics,8,4.6,79.6,4.5,1,No,Yes,Yes,High,7.81,Yes
STU3338,Male,22,Electronics,6,4.7,82.3,6.8,1,No,Yes,No,Low,8.15,Yes
STU3339,Male,18,IT,1,3.5,63.3,9,0,No,Yes,No,Medium,7.42,Yes
STU3340,Female,21,IT,2,6.6,55.9,6.7,1,No,Yes,No,High,8.34,Yes
STU3341,Male,22,Mechanical,8,0.2,68.2,5,0,No,Yes,No,Low,5.99,No
STU3342,Male,18,Computer Science,3,3.2,95.3,5.8,0,No,Yes,No,Medium,7.87,No
STU3343,Male,19,Electronics,1,4.9,82,6.7,1,No,No,No,Low,8.65,Yes
STU3344,Female,22,Electrical,1,4.9,85.2,8.1,1,No,Yes,No,Low,8.06,Yes
STU3345,Female,20,IT,5,6.7,86.9,6.1,0,No,Yes,No,Low,9.94,No
STU3346,Female,18,IT,6,6.4,70.9,7.5,1,No,Yes,No,Medium,8.44,Yes
STU3347,Male,19,Computer Science,6,3.4,94.7,4.8,0,Yes,Yes,Yes,Medium,7.5,Yes
STU3348,Female,20,Electronics,7,6.6,70.4,4.8,0,Yes,Yes,No,Medium,9.66,Yes
STU3349,Male,20,Mechanical,3,2.6,94.9,5.9,0,Yes,Yes,No,High,7.31,Yes
STU3350,Female,21,IT,5,5.9,83.3,8.2,0,Yes,Yes,Yes,Low,8.78,Yes
STU3351,Female,22,Computer Science,7,7.6,56.5,6.6,0,Yes,Yes,No,Medium,9,Yes
STU3352,Female,19,IT,2,6.4,69,6.8,1,No,Yes,No,Medium,9.06,Yes
STU3353,Female,20,Mechanical,7,4.2,56.6,6.8,0,No,Yes,Yes,Low,7.63,No
STU3354,Female,20,Computer Science,2,3.3,92,7.8,0,Yes,Yes,No,Low,7.83,Yes
STU3355,Male,20,Electronics,3,0.9,77.7,5.8,1,No,No,No,Medium,6.76,No
STU3356,Female,19,Computer Science,8,4.6,51.3,7.3,1,No,Yes,No,High,7.37,Yes
STU3357,Male,22,Mechanical,6,1.8,82.5,5.5,1,Yes,No,No,High,6.77,Yes
STU3358,Male,21,Computer Science,8,2.4,71.6,8.9,0,No,Yes,Yes,Low,7.85,Yes
STU3359,Male,20,Computer Science,2,1.6,60.2,5.5,1,Yes,Yes,Yes,High,5.82,No
STU3360,Male,20,IT,3,3.1,98.1,5.4,1,No,Yes,No,High,6.78,No
STU3361,Male,19,Computer Science,8,3.9,79.3,7.2,2,Yes,No,No,Medium,8.59,Yes
STU3362,Male,20,Computer Science,7,4.5,74.5,6.6,1,No,Yes,No,Low,7.96,Yes
STU3363,Male,20,Electronics,2,2.8,73.2,6.9,0,No,No,No,High,7.89,Yes
STU3364,Female,20,Mechanical,4,6.1,59.8,6.8,1,Yes,Yes,No,Medium,7.7,No
STU3365,Male,22,IT,1,3.6,62.3,5.2,0,No,Yes,No,High,8.3,Yes
STU3366,Male,20,Electronics,7,2.4,93.4,8.4,0,Yes,Yes,No,Medium,7.81,Yes
STU3367,Female,19,IT,6,4.5,72.3,7.6,0,No,Yes,No,Medium,6.73,No
STU3368,Male,21,Mechanical,8,7.9,78.3,8.1,1,No,Yes,No,Low,8.9,Yes
STU3369,Female,19,Computer Science,7,4.7,53.5,5.9,1,No,Yes,Yes,High,7.34,Yes
STU3370,Female,19,Computer Science,4,3.3,62.2,7,1,Yes,Yes,No,Low,7.15,No
STU3371,Female,19,Electronics,3,0.9,85.3,6.7,1,Yes,Yes,Yes,Low,6.74,No
STU3372,Female,20,Electronics,3,3.6,82.5,7.9,0,No,Yes,No,Medium,7.92,No
STU3373,Male,21,Civil,7,4.5,99,7.9,0,Yes,Yes,No,Medium,8.51,Yes
STU3374,Female,20,Mechanical,4,3.2,94.1,6.7,1,No,Yes,No,Low,7.66,Yes
STU3375,Male,21,Electronics,8,0.7,75.2,4.7,1,No,Yes,Yes,Medium,5.5,No
STU3376,Male,20,Computer Science,7,2.3,83.7,8.6,1,No,Yes,No,Medium,6.23,Yes
STU3377,Female,19,Computer Science,1,6.9,74.2,7.2,0,Yes,No,No,Medium,9.32,Yes
STU3378,Male,21,Mechanical,1,6.9,100,5.8,1,No,Yes,Yes,Low,9.27,Yes
STU3379,Female,19,Electronics,5,2.2,91.8,7,0,No,No,No,Medium,8.48,Yes
STU3380,Female,19,Mechanical,2,5.3,80,4.7,1,No,Yes,No,Low,8.04,Yes
STU3381,Female,20,Computer Science,5,1.6,80.4,7.8,1,No,Yes,No,Low,6.34,No
STU3382,Female,19,Civil,8,6.8,95.3,4.7,1,Yes,Yes,Yes,Medium,7.86,No
STU3383,Male,18,IT,1,4.5,85,6.2,0,Yes,Yes,No,Medium,8.05,Yes
STU3384,Male,20,Computer Science,4,5.9,96.7,6.8,1,Yes,Yes,No,Low,9.09,Yes
STU3385,Female,20,Electronics,2,0.6,51.7,7.7,1,No,Yes,No,Medium,6.99,No
STU3386,Male,20,Electrical,8,5.4,83.5,6.6,0,Yes,Yes,No,Low,8.92,Yes
STU3387,Female,22,Electronics,4,4,71.8,7.3,0,No,Yes,No,Low,7.47,No
STU3388,Female,20,Mechanical,8,5.7,99.1,6.5,1,No,Yes,No,Medium,8.27,Yes
STU3389,Female,21,Computer Science,5,5.8,96.6,6.5,0,No,Yes,Yes,Medium,8.78,Yes
STU3390,Male,18,Mechanical,3,4.1,78.4,6.6,0,Yes,Yes,No,Medium,8.09,Yes
STU3391,Male,20,Computer Science,4,2.8,96.4,6.3,2,No,No,No,Medium,7.9,Yes
STU3392,Male,21,Electrical,5,5.6,99.4,4.5,1,No,Yes,Yes,Medium,9.39,Yes
STU3393,Male,20,Civil,5,3.9,78.9,5.6,0,Yes,Yes,No,Medium,8.12,Yes
STU3394,Female,21,IT,5,2.3,100,6.8,1,Yes,Yes,No,Low,7.75,Yes
STU3395,Male,19,Civil,3,2.2,77.6,6.2,1,No,Yes,Yes,Low,6.65,Yes
STU3396,Male,18,Mechanical,3,1,75.4,6.3,2,Yes,Yes,No,Medium,5.15,No
STU3397,Male,20,Electronics,7,3,88.4,6.1,1,Yes,Yes,No,Medium,8.7,Yes
STU3398,Female,19,IT,3,6.2,73.8,5.5,1,Yes,Yes,No,Medium,7.03,Yes
STU3399,Female,21,Electrical,2,4.4,79,5.9,0,Yes,Yes,No,Low,7.31,Yes
STU3400,Male,19,Electronics,3,2.9,94.9,6.1,1,No,Yes,No,Medium,8.8,Yes
STU3401,Male,22,Electrical,3,5.6,78.2,6.5,0,No,Yes,Yes,High,8.86,Yes
STU3402,Male,22,Mechanical,3,2.3,57.7,7,0,No,Yes,Yes,Medium,6.63,No
STU3403,Male,19,Mechanical,8,4.2,82.4,6.3,1,No,Yes,No,Medium,8.34,Yes
STU3404,Female,19,Electronics,4,3.6,69.6,5.3,0,No,Yes,No,Low,8.38,Yes
STU3405,Female,21,Computer Science,3,5.6,88.4,4.8,1,No,Yes,Yes,Low,7.67,No
STU3406,Male,22,Computer Science,2,0.8,86.4,9.6,2,Yes,Yes,No,Low,6.17,No
STU3407,Male,20,Computer Science,8,2.3,95.7,5.1,0,No,Yes,No,Medium,8.5,Yes
STU3408,Female,19,Mechanical,5,0.7,88.9,5.9,0,Yes,No,No,High,6.83,No
STU3409,Male,20,Electronics,4,3.5,91.1,7.1,1,No,Yes,No,High,8.07,No
STU3410,Female,20,Electronics,1,6.4,70,6.9,2,Yes,Yes,No,Medium,8.84,Yes
STU3411,Male,19,Electrical,8,3,87.6,7.1,1,Yes,Yes,No,High,6.22,No
STU3412,Male,21,Electronics,3,3,100,6,1,Yes,Yes,No,Medium,7.65,Yes
STU3413,Male,18,Electronics,8,5.7,69.7,6.8,0,Yes,Yes,No,Medium,8.89,Yes
STU3414,Male,18,Computer Science,7,6.1,99.6,6.6,0,No,Yes,No,Low,8.38,No
STU3415,Female,19,Computer Science,7,3.8,71.4,6.1,1,Yes,Yes,Yes,Medium,7.25,Yes
STU3416,Male,19,IT,8,5.4,67.8,6.8,0,No,Yes,Yes,Low,9.21,Yes
STU3417,Male,19,Mechanical,5,1.8,81.6,7.8,2,No,Yes,Yes,Medium,6.23,No
STU3418,Male,20,IT,5,6.8,86.6,6.5,0,No,No,Yes,High,8.55,Yes
STU3419,Male,19,Computer Science,4,8.3,88.9,6.5,0,Yes,No,No,Low,10,Yes
STU3420,Male,19,Mechanical,7,5,66.5,7.8,1,No,Yes,No,Low,8.24,Yes
STU3421,Male,19,Computer Science,1,0,83.2,7.7,2,Yes,Yes,No,Low,6.01,No
STU3422,Female,22,Computer Science,6,2.9,69.8,8.4,1,No,Yes,No,Medium,7.27,No
STU3423,Male,20,Computer Science,7,5.2,60.1,4.4,2,No,Yes,No,Low,7.86,No
STU3424,Male,20,Computer Science,8,3.2,66.9,7.6,3,No,Yes,Yes,Medium,6.51,No
STU3425,Female,20,Electronics,7,6.5,69,7.2,2,Yes,No,No,Medium,8.4,No
STU3426,Male,22,Computer Science,2,5.2,84.3,5.4,1,No,Yes,No,Medium,7.86,Yes
STU3427,Female,19,Electrical,6,2.6,91.8,6.8,1,No,No,No,Low,6.44,No
STU3428,Male,20,Electronics,5,4.1,60.3,7.8,1,No,Yes,No,High,7.9,Yes
STU3429,Female,21,Computer Science,6,2.2,82.2,5.5,0,No,Yes,Yes,Medium,8.35,Yes
STU3430,Female,20,Computer Science,7,3.6,63.9,7,0,Yes,Yes,No,Medium,7.75,Yes
STU3431,Female,18,Mechanical,5,2.9,85.5,7.5,0,Yes,Yes,No,Medium,8.63,Yes
STU3432,Female,20,Computer Science,6,6.3,70.5,5.2,0,Yes,Yes,No,Medium,8.67,No
STU3433,Male,18,IT,5,8.2,65.4,6.3,0,No,Yes,No,Low,9.44,Yes
STU3434,Female,20,Electrical,5,1.1,87.6,6.9,0,Yes,Yes,Yes,Medium,8.53,No
STU3435,Male,21,Computer Science,4,0.2,71,5.5,2,No,No,No,Medium,5.59,No
STU3436,Male,19,Electronics,1,3.5,74.2,5.4,1,No,No,No,Medium,7.27,Yes
STU3437,Male,21,Computer Science,5,1,51.4,6.3,0,No,Yes,No,Low,5.57,No
STU3438,Male,18,Mechanical,2,4.1,89.4,7.5,0,No,Yes,No,Low,9.01,Yes
STU3439,Male,21,Electronics,7,5.5,87.9,7.3,1,Yes,Yes,No,Medium,8.12,Yes
STU3440,Female,20,Computer Science,7,7,78.1,5.5,1,No,No,No,Low,8.88,Yes
STU3441,Male,19,Computer Science,2,4.4,59.7,7.3,2,No,Yes,No,High,6.91,No
STU3442,Female,18,Civil,3,3.6,92.5,5.5,3,No,Yes,Yes,Low,6.62,No
STU3443,Female,22,Electronics,5,0,70,4.6,3,Yes,Yes,No,Medium,5.06,No
STU3444,Male,18,Computer Science,8,4.1,72.6,6.1,0,Yes,Yes,No,Medium,8.17,Yes
STU3445,Male,19,Civil,5,4.1,100,7.8,0,Yes,Yes,No,High,9.53,Yes
STU3446,Male,19,Mechanical,5,5.3,69.6,7.3,1,No,Yes,No,Medium,9.02,No
STU3447,Male,20,IT,8,2.6,86.9,6.5,0,Yes,Yes,No,Low,8.36,Yes
STU3448,Male,20,Computer Science,6,3.1,84.7,6,1,No,Yes,No,Low,8.34,Yes
STU3449,Male,18,IT,5,1,82.7,6,1,No,No,Yes,Medium,7.32,Yes
STU3450,Male,19,Civil,5,0,81.4,6.6,2,No,Yes,Yes,Medium,6.25,No
STU3451,Female,19,Computer Science,2,1.8,82.5,5.2,0,Yes,Yes,No,Medium,8.41,Yes
STU3452,Female,19,Civil,1,0.9,81.3,6.1,1,No,Yes,No,Low,5.96,No
STU3453,Male,20,Electronics,1,4.7,77.4,6.2,1,No,Yes,No,High,7.59,No
STU3454,Female,21,Electrical,3,3,96.1,4.9,2,Yes,Yes,No,Low,6.72,No
STU3455,Male,19,Computer Science,2,2.9,62.2,5.5,0,No,Yes,No,Medium,7.35,Yes
STU3456,Male,19,Mechanical,5,2,90.3,7,2,Yes,No,No,High,7.27,Yes
STU3457,Female,19,Electronics,1,0,87.9,6.5,2,No,Yes,Yes,Medium,5.41,No
STU3458,Male,22,Electrical,4,7,86.4,6.1,1,Yes,Yes,No,Medium,9.28,Yes
STU3459,Male,22,Electronics,4,2,91.4,5.4,1,No,Yes,No,Low,6.95,No
STU3460,Female,21,Electrical,4,3.2,76.9,8.4,1,No,Yes,No,High,7.37,No
STU3461,Female,19,Electrical,5,1.1,55.6,5.5,0,Yes,Yes,No,Low,6.89,Yes
STU3462,Female,18,Computer Science,5,5.9,77.1,6.8,0,No,No,No,Medium,9.96,Yes
STU3463,Female,19,IT,8,4.3,66.1,5.9,2,No,Yes,No,High,6.69,No
STU3464,Female,19,Electrical,3,2.3,69.2,6.5,1,No,Yes,No,Low,6.97,Yes
STU3465,Male,20,Computer Science,7,3.2,63.1,7,0,Yes,Yes,No,Medium,7.09,Yes
STU3466,Male,21,Electronics,3,7.4,72.3,4.9,1,Yes,Yes,Yes,High,8.35,Yes
STU3467,Male,21,Mechanical,3,3.9,70.8,6.5,1,No,Yes,No,Medium,6.95,No
STU3468,Male,21,Computer Science,6,3.6,49.5,7.9,0,Yes,Yes,No,Medium,7.79,No
STU3469,Male,19,Computer Science,4,2.1,86.4,8.6,1,No,Yes,No,High,7.65,Yes
STU3470,Male,20,Computer Science,5,0.2,100,6.3,0,Yes,No,No,Medium,7.8,Yes
STU3471,Female,19,Computer Science,4,3.7,85.3,6.6,0,Yes,No,No,Medium,7.88,Yes
STU3472,Female,18,Electronics,3,4.7,75.6,9.2,0,No,Yes,No,Medium,8.92,Yes
STU3473,Female,21,Computer Science,5,6.2,77.3,7.9,1,No,Yes,No,Low,8.68,Yes
STU3474,Male,18,IT,2,0,72.9,5.8,0,No,Yes,No,Low,6.71,No
STU3475,Female,20,Civil,8,1.7,79.1,5.8,1,No,Yes,No,Low,6.22,No
STU3476,Male,19,Computer Science,1,2.8,77.6,7.6,0,No,Yes,No,Low,8,No
STU3477,Female,20,Civil,1,4,67.9,5.3,0,No,Yes,No,Low,8.13,Yes
STU3478,Male,21,Civil,3,3.7,98.2,7.8,0,No,Yes,Yes,Medium,8.71,Yes
STU3479,Female,19,Electrical,7,3.8,60.2,6.9,0,No,Yes,No,Low,8.12,Yes
STU3480,Male,21,Computer Science,4,4.8,86.6,7.1,0,No,Yes,No,High,9.18,Yes
STU3481,Female,19,Computer Science,2,2.2,76.8,6.2,1,No,No,No,Medium,6.46,Yes
STU3482,Female,20,Electrical,5,5.9,100,5.7,0,No,Yes,Yes,Medium,9.22,Yes
STU3483,Male,21,Electrical,7,4.9,82.1,8.3,0,Yes,Yes,No,Medium,9.08,Yes
STU3484,Male,20,Civil,4,3.4,73.7,6.2,0,Yes,Yes,No,Low,7.81,Yes
STU3485,Female,22,IT,3,7.2,75,6,0,Yes,Yes,No,Medium,9.9,Yes
STU3486,Male,19,Computer Science,4,7.1,78.5,6.4,1,Yes,Yes,No,Medium,8.93,Yes
STU3487,Female,20,Mechanical,3,5.9,64.3,6.7,0,Yes,Yes,No,Medium,7.51,No
STU3488,Female,20,Computer Science,6,0,68.8,5.3,0,No,Yes,No,Low,7.14,No
STU3489,Male,22,Computer Science,1,7.2,56.6,5.8,0,No,No,No,Medium,8.87,Yes
STU3490,Male,19,IT,7,5.6,66.9,5.8,1,Yes,Yes,Yes,Medium,7.03,No
STU3491,Male,21,Computer Science,1,8,79.1,7.5,0,No,Yes,Yes,Medium,9.61,Yes
STU3492,Female,20,Electronics,4,6.5,81.6,5.4,1,No,Yes,Yes,Low,7.92,Yes
STU3493,Male,19,Electrical,2,7.2,54.2,4.4,0,No,Yes,No,Medium,9.28,Yes
STU3494,Male,20,Computer Science,5,5.8,76.4,4.1,0,Yes,No,Yes,Medium,8.74,Yes
STU3495,Male,19,Electrical,3,6.7,84.8,4.7,1,No,Yes,Yes,Medium,8.22,Yes
STU3496,Female,20,Electrical,5,8,76,8.1,1,Yes,Yes,No,Medium,9.71,Yes
STU3497,Female,21,Mechanical,1,4.4,70.4,6.5,1,Yes,Yes,No,Low,8.05,Yes
STU3498,Female,20,Computer Science,8,0.9,73.1,7.1,1,Yes,Yes,No,Low,6.49,No
STU3499,Male,20,Electronics,2,3.4,71.5,7.1,1,No,Yes,No,Low,6.73,No
STU3500,Female,20,Electronics,2,4.8,70.4,6.6,0,No,Yes,No,Low,7.91,No
STU3501,Female,18,Electronics,5,4.1,80.1,6.4,1,Yes,Yes,Yes,Low,7.34,No
STU3502,Female,19,Computer Science,1,1.5,100,7.8,1,Yes,Yes,No,Low,7.86,No
STU3503,Female,20,Electrical,8,0.7,69.1,6.7,0,No,Yes,Yes,Low,5.95,No
STU3504,Male,19,Computer Science,5,2.5,74.2,8.2,1,No,Yes,No,Medium,7.24,Yes
STU3505,Male,19,Civil,4,5.6,77.4,7.2,1,Yes,No,No,High,8.22,Yes
STU3506,Female,20,Computer Science,2,7.2,69.8,5.8,0,No,Yes,No,Medium,9.83,Yes
STU3507,Male,19,Mechanical,2,5.8,91.2,5.9,1,No,Yes,No,Medium,8.79,Yes
STU3508,Female,19,Electrical,4,6.1,49.5,5.6,2,Yes,Yes,No,High,7.73,Yes
STU3509,Female,20,Computer Science,1,3.8,71.6,8,0,No,Yes,Yes,Medium,7.85,Yes
STU3510,Male,18,Computer Science,2,0.5,87.8,6,2,Yes,Yes,Yes,Low,5.49,Yes
STU3511,Female,22,Civil,7,3.1,74.5,5.5,1,No,Yes,No,Medium,7.15,No
STU3512,Male,21,Civil,8,3.5,68.1,6.9,1,No,No,Yes,Medium,7.9,Yes
STU3513,Male,21,Civil,6,3,83.3,6.4,1,Yes,Yes,No,Medium,8,Yes
STU3514,Female,18,Electronics,6,4.1,88.9,6.9,0,No,Yes,No,High,8.3,Yes
STU3515,Female,21,Computer Science,6,4.9,80.5,8.8,0,No,Yes,No,Medium,8.25,Yes
STU3516,Male,21,Electrical,3,5.7,68.4,7.6,2,Yes,Yes,No,High,7.11,Yes
STU3517,Male,21,Electrical,7,3.4,83.5,6.5,0,Yes,Yes,Yes,Medium,8.1,Yes
STU3518,Female,18,Electronics,3,0.2,73.2,4.8,0,Yes,No,Yes,Medium,6.86,No
STU3519,Female,20,IT,1,3,86.9,5.9,0,No,Yes,Yes,Medium,8.97,Yes
STU3520,Female,21,Electronics,4,4.1,95.8,7.4,1,No,Yes,No,Medium,8.29,Yes
STU3521,Male,20,Electronics,5,6.4,46.7,5.1,2,No,Yes,No,Low,7.8,Yes
STU3522,Male,20,Computer Science,7,2.9,79.3,9.1,0,No,Yes,No,Medium,7.59,No
STU3523,Male,20,Electronics,8,5,57.2,6.5,2,No,Yes,No,Medium,7.24,Yes
STU3524,Female,20,Mechanical,1,4.6,100,6.6,0,No,Yes,No,Medium,9.02,Yes
STU3525,Male,18,Computer Science,5,4.1,72.4,5.7,2,No,Yes,No,Low,7.08,No
STU3526,Male,20,Electronics,1,5.9,87,7.1,1,No,Yes,Yes,Low,8.65,Yes
STU3527,Female,18,IT,3,2.7,77.6,5.1,0,No,Yes,No,Medium,7.83,No
STU3528,Male,20,Civil,6,2.8,68.4,9.1,0,Yes,Yes,Yes,High,8.09,Yes
STU3529,Female,19,Mechanical,4,4,66.9,8.1,0,Yes,Yes,No,Medium,8.84,Yes
STU3530,Female,20,Electrical,3,2.7,97,7.7,0,Yes,Yes,Yes,Medium,6.91,No
STU3531,Female,18,Computer Science,4,5,89.5,4.8,1,No,Yes,No,Low,8.95,Yes
STU3532,Male,20,Mechanical,7,2.6,100,6.7,0,No,Yes,No,Medium,7.22,No
STU3533,Male,21,IT,5,4.5,78.7,8,2,Yes,Yes,Yes,Medium,7.73,Yes
STU3534,Female,19,Mechanical,1,3.8,81.5,7.2,1,No,Yes,No,Medium,9.23,Yes
STU3535,Female,18,Electronics,2,4.4,74.8,5.3,1,No,Yes,Yes,High,7.78,Yes
STU3536,Female,18,Computer Science,2,3.1,74.6,5.7,0,No,No,No,High,7.97,Yes
STU3537,Male,21,IT,4,3.3,65.5,6,2,Yes,Yes,No,Low,6.58,Yes
STU3538,Female,20,Electronics,6,4.2,79,5.8,1,No,Yes,No,Medium,8.24,No
STU3539,Female,20,IT,6,4.4,68.5,8.3,2,Yes,No,No,Low,7.54,Yes
STU3540,Female,18,Mechanical,4,4,83.3,4.2,2,Yes,Yes,No,Low,6.87,No
STU3541,Female,20,Civil,3,7.4,80,7.3,0,Yes,Yes,No,Low,9.49,Yes
STU3542,Female,21,IT,2,2,81.5,4.9,0,No,Yes,No,Medium,6.9,No
STU3543,Female,21,Civil,3,3.9,98.1,5.3,1,Yes,Yes,No,Medium,8.02,Yes
STU3544,Male,20,Electronics,5,0.9,77.5,4.1,2,No,Yes,No,Medium,5.82,No
STU3545,Male,18,Mechanical,2,4.7,87.1,5.8,1,No,Yes,Yes,High,8.26,Yes
STU3546,Male,18,IT,5,1.8,100,8.3,0,Yes,Yes,No,Low,7.62,Yes
STU3547,Male,18,Electronics,1,3.4,93.7,6.8,1,Yes,Yes,Yes,Medium,7.78,Yes
STU3548,Male,19,Electronics,3,3.3,91.8,5.1,0,Yes,Yes,No,Medium,8.25,Yes
STU3549,Male,18,Computer Science,4,4.6,74.3,7.7,0,No,Yes,No,Low,8.53,Yes
STU3550,Male,19,Electrical,2,2.9,80.8,8,1,Yes,Yes,Yes,High,7.7,Yes
STU3551,Male,19,Computer Science,3,2.8,62.2,6.6,0,No,Yes,No,Medium,7.45,Yes
STU3552,Female,22,Mechanical,4,6.9,84,8.9,0,Yes,Yes,No,High,9.07,Yes
STU3553,Female,20,Electronics,1,4.6,81.3,7.5,2,No,No,No,Medium,7.66,Yes
STU3554,Male,21,Electronics,2,2.9,78.3,7.3,2,Yes,Yes,No,Low,6.84,Yes
STU3555,Female,21,Civil,5,3.5,90.3,5.5,2,No,Yes,No,Low,7.92,Yes
STU3556,Male,18,Computer Science,1,7.3,63.5,7.3,1,No,Yes,No,High,9.38,Yes
STU3557,Male,21,Mechanical,6,3.5,97.6,6.8,0,No,Yes,Yes,Low,7.69,Yes
STU3558,Male,19,IT,4,2.6,88.8,7.1,1,Yes,Yes,No,High,7.91,Yes
STU3559,Male,20,IT,8,2.6,77.2,5.7,2,No,Yes,No,Medium,7.23,Yes
STU3560,Female,19,Computer Science,2,2.9,76.2,6.7,2,Yes,Yes,No,Low,6.07,No
STU3561,Female,22,IT,2,2.8,83.8,5.5,1,No,Yes,No,Medium,7.78,Yes
STU3562,Male,19,Civil,7,1.4,96.3,3.9,0,No,Yes,No,Low,8.15,Yes
STU3563,Male,19,IT,7,1.8,79.2,7.7,0,No,Yes,No,Low,7.03,Yes
STU3564,Male,22,Electronics,1,2.3,79.7,4.7,0,No,Yes,No,High,7.49,No
STU3565,Male,18,Mechanical,2,5.2,78.2,6.6,2,Yes,Yes,No,Medium,7.83,Yes
STU3566,Male,20,Electrical,4,3.2,99.4,6.9,0,Yes,Yes,No,Medium,8.8,Yes
STU3567,Male,21,IT,1,3.6,73.6,6.9,2,No,Yes,No,Low,6.48,No
STU3568,Female,21,Electronics,5,6.5,77.6,6.2,0,No,Yes,No,Low,9.83,Yes
STU3569,Female,22,Computer Science,1,6.6,95.6,6.8,1,Yes,Yes,No,Medium,7.84,Yes
STU3570,Male,22,Electronics,1,3.4,79.8,7.1,0,No,No,No,Medium,8.94,Yes
STU3571,Female,18,Electronics,8,2.7,91.6,7.4,0,Yes,Yes,No,Medium,8.48,Yes
STU3572,Male,21,Computer Science,5,2.3,67.1,8.6,1,No,Yes,Yes,Medium,6.7,No
STU3573,Male,20,Computer Science,6,5.4,75.5,6.8,1,Yes,Yes,No,Medium,8.76,Yes
STU3574,Male,20,IT,7,3.6,95.8,6.6,0,Yes,Yes,No,Low,7.88,No
STU3575,Female,18,Computer Science,4,3.2,69.9,5.4,1,No,Yes,No,Low,7.36,No
STU3576,Female,20,Civil,6,2.4,76.2,7,0,No,No,No,Low,7.86,Yes
STU3577,Female,22,Computer Science,6,2.5,81.1,7.3,1,No,Yes,Yes,Medium,7.5,No
STU3578,Male,22,Electronics,6,4.6,66.1,6.3,0,No,No,Yes,Medium,7.74,Yes
STU3579,Female,20,Computer Science,7,1.4,73,7.2,1,No,Yes,No,Low,6.51,No
STU3580,Male,18,Computer Science,3,6,79.4,6.1,0,Yes,Yes,No,Low,9.07,Yes
STU3581,Female,19,IT,7,2.9,78.6,7.3,1,Yes,Yes,No,Medium,7.02,Yes
STU3582,Male,21,IT,6,3.7,93.4,7.6,0,Yes,Yes,No,High,8.71,Yes
STU3583,Male,21,Computer Science,3,1.3,96.5,7.6,1,No,No,No,Medium,6.9,No
STU3584,Female,20,Electronics,5,4,67.7,6.6,2,No,Yes,No,Low,7.68,No
STU3585,Female,18,Electronics,7,3.3,79.3,5.3,0,No,No,No,Medium,8.94,Yes
STU3586,Male,20,IT,4,3.9,86.1,5.8,0,No,Yes,Yes,Medium,8.2,Yes
STU3587,Female,20,IT,6,6.9,96.2,7.2,1,Yes,No,Yes,Low,9.75,Yes
STU3588,Male,22,Mechanical,2,4.4,86.6,9.4,1,No,Yes,No,Medium,8.11,Yes
STU3589,Female,20,Civil,5,2.4,81.5,6.1,0,Yes,Yes,No,Medium,7.21,No
STU3590,Female,19,IT,3,2.6,86,7,1,No,Yes,No,Low,7.22,No
STU3591,Female,20,Computer Science,7,5.2,86.1,5.8,0,Yes,Yes,No,High,8.88,Yes
STU3592,Female,18,Electronics,4,6.6,66.9,5.3,0,No,Yes,No,High,7.84,Yes
STU3593,Male,22,Electrical,1,4.6,80.3,5.7,0,No,Yes,No,Medium,8.88,Yes
STU3594,Male,19,Civil,4,5.4,95.5,4,1,No,Yes,No,Low,8.55,Yes
STU3595,Female,20,Mechanical,4,5.2,75.5,8.1,0,No,Yes,No,Medium,9.34,Yes
STU3596,Male,19,Mechanical,6,6.8,79.6,3.8,1,Yes,Yes,No,Low,9.03,Yes
STU3597,Male,20,Electronics,6,0.1,75.1,6.2,2,Yes,Yes,No,Low,5.92,No
STU3598,Male,20,Mechanical,7,5.3,50.2,5.1,0,No,Yes,No,Medium,7.9,No
STU3599,Male,21,Civil,7,6,78.2,5.4,1,No,Yes,No,Medium,9.35,Yes
STU3600,Female,19,Electronics,8,1.3,81.6,8.2,2,Yes,Yes,No,Low,7.8,Yes
STU3601,Male,19,Civil,3,2.2,71.9,6.7,0,Yes,Yes,No,Medium,7.34,Yes
STU3602,Female,18,IT,8,2.3,64.1,5.3,1,No,No,No,Low,7.48,Yes
STU3603,Male,20,Computer Science,7,2.5,67.4,5.8,3,No,Yes,Yes,High,5.59,No
STU3604,Male,18,Electronics,3,3,87.2,5.6,3,No,Yes,No,High,6.22,No
STU3605,Male,20,Electronics,6,4.5,100,6.4,0,No,Yes,No,Medium,8.66,Yes
STU3606,Male,21,Civil,6,5.7,94.6,6.7,0,No,Yes,No,Medium,9.63,Yes
STU3607,Male,21,Computer Science,2,6.2,61.9,8.8,0,Yes,Yes,Yes,Low,8.2,Yes
STU3608,Female,20,Mechanical,2,2.3,88.3,4.2,0,Yes,Yes,No,Medium,8.71,Yes
STU3609,Male,20,IT,5,2.3,70,6.5,1,No,Yes,Yes,High,7.59,No
STU3610,Female,18,Electronics,6,6.6,71,6.1,1,No,Yes,No,Low,8.93,Yes
STU3611,Male,20,Electrical,1,5.3,72.5,7.6,2,Yes,Yes,No,Medium,7.51,No
STU3612,Male,21,Electrical,2,4.2,86.5,6.9,0,No,Yes,No,Medium,9.04,Yes
STU3613,Female,19,Computer Science,3,4.9,89.5,7.2,1,Yes,Yes,No,Medium,6.61,Yes
STU3614,Male,20,Computer Science,4,3.9,76.8,6.9,0,No,Yes,Yes,Medium,8.51,Yes
STU3615,Male,21,Electrical,7,5,77,5.4,0,Yes,Yes,No,High,8.66,Yes
STU3616,Male,21,Electrical,7,3.3,83.6,8,1,No,Yes,No,Low,6.6,Yes
STU3617,Male,19,Computer Science,5,4.5,84.8,7.5,0,No,No,No,Medium,8.89,No
STU3618,Female,20,Computer Science,2,1,92.1,7.6,0,Yes,Yes,No,High,7.93,Yes
STU3619,Male,19,Computer Science,4,2.6,62.6,8,2,No,No,Yes,Medium,5.45,No
STU3620,Female,18,Electrical,4,2.6,78.2,7,0,Yes,No,No,High,7.11,Yes
STU3621,Female,22,Computer Science,2,3.3,65.2,8.3,1,No,Yes,No,Low,8.61,Yes
STU3622,Male,21,Mechanical,1,2.1,77.4,7,0,No,Yes,No,High,7.52,Yes
STU3623,Female,21,IT,1,2.9,75.3,6.2,0,No,Yes,No,Low,8.42,Yes
STU3624,Male,18,Computer Science,5,1,77.4,6.5,1,No,Yes,No,High,7.4,Yes
STU3625,Female,21,Mechanical,8,5.1,68.4,6.5,1,No,Yes,Yes,Low,8.21,No
STU3626,Male,20,Computer Science,1,3.8,60.2,5.9,1,No,Yes,Yes,Medium,7.94,Yes
STU3627,Female,19,IT,5,0.6,52.9,8.5,1,Yes,Yes,No,Medium,4.93,No
STU3628,Male,20,Computer Science,8,2.3,76.4,6.9,2,Yes,Yes,No,Medium,6.54,Yes
STU3629,Male,18,Civil,8,4.7,72.8,6.6,1,No,Yes,Yes,Low,6.08,No
STU3630,Female,21,Civil,3,2.9,69.9,7,0,No,Yes,Yes,High,6.72,No
STU3631,Female,20,Computer Science,8,2.6,93.9,10,1,No,Yes,No,Medium,7.46,Yes
STU3632,Male,19,Computer Science,2,3.9,67.7,5.1,1,Yes,Yes,No,Medium,7.07,Yes
STU3633,Male,19,Electronics,8,4.7,95,5.5,1,No,Yes,Yes,Low,8.34,Yes
STU3634,Female,19,Computer Science,4,1.1,97.5,4.8,1,No,Yes,No,High,7.06,No
STU3635,Female,18,IT,5,5.1,54.6,6.2,0,No,Yes,No,Medium,8.27,Yes
STU3636,Female,20,IT,7,2.4,79.1,6.8,1,Yes,Yes,No,High,7.37,Yes
STU3637,Female,21,Electronics,1,4,73.2,5.9,1,Yes,No,No,Medium,7.86,Yes
STU3638,Female,18,Mechanical,7,3.9,43.1,5.9,1,Yes,Yes,No,Low,6.45,No
STU3639,Female,18,Mechanical,5,2.9,60.7,6.7,2,No,Yes,No,Medium,6.13,Yes
STU3640,Male,20,IT,6,2,87.3,5.9,2,No,Yes,Yes,Medium,6.72,Yes
STU3641,Male,21,Electronics,5,3.4,100,6.9,0,Yes,Yes,No,Medium,8.52,Yes
STU3642,Female,19,Computer Science,1,7.3,88.8,7.8,0,No,Yes,No,Medium,9.07,Yes
STU3643,Female,19,Computer Science,6,1.3,81.9,7.3,1,No,Yes,No,Low,7.61,Yes
STU3644,Male,20,Mechanical,6,7.4,77.7,7.6,0,Yes,Yes,No,Medium,9.96,Yes
STU3645,Male,19,Electronics,8,3.5,98.2,7.8,2,No,Yes,No,High,7.06,No
STU3646,Female,18,Electronics,1,4.1,100,6.8,1,No,No,No,Low,8.15,Yes
STU3647,Male,21,Computer Science,6,1.8,71,6.3,0,No,Yes,No,Low,8.57,Yes
STU3648,Male,20,Civil,2,2.5,54,5.6,1,No,Yes,No,Medium,6.83,No
STU3649,Male,20,Computer Science,4,3,52.8,6,1,No,Yes,No,Medium,7.14,Yes
STU3650,Male,21,Computer Science,7,1.9,93.9,5.9,1,Yes,No,No,Medium,6.97,Yes
STU3651,Male,20,Electronics,2,3.6,77.4,7.4,1,Yes,Yes,No,Medium,7.49,Yes
STU3652,Male,19,Computer Science,2,3.2,80.2,6.9,0,Yes,Yes,No,High,8.98,Yes
STU3653,Male,19,Mechanical,1,7.7,56.5,7.3,0,Yes,Yes,No,High,9.26,Yes
STU3654,Female,18,Electronics,8,1.7,69,5.1,0,Yes,Yes,No,Medium,7.19,No
STU3655,Male,18,Electronics,1,4.2,74.5,8.2,0,Yes,Yes,No,Low,8.37,Yes
STU3656,Female,20,Mechanical,7,4.5,80.5,6,0,No,Yes,No,Low,10,Yes
STU3657,Female,21,Computer Science,4,1.9,73.2,5.2,2,No,Yes,No,High,6.41,No
STU3658,Male,22,Computer Science,5,5.4,65.6,6,0,Yes,No,Yes,Medium,8,Yes
STU3659,Female,20,IT,2,3.2,68.6,9.5,2,Yes,Yes,No,Medium,6.57,Yes
STU3660,Male,19,Electronics,6,0,92.5,6,0,No,Yes,No,Medium,7.62,Yes
STU3661,Female,18,Electronics,4,5.3,80.9,6.1,0,Yes,Yes,No,Low,7.92,No
STU3662,Male,21,Computer Science,2,1.8,85.3,6.3,1,No,Yes,Yes,Medium,7.42,Yes
STU3663,Female,20,Electronics,5,1.9,67.2,6.3,0,No,Yes,Yes,Low,6.89,Yes
STU3664,Female,20,Mechanical,8,5.4,42.6,5.6,2,Yes,No,No,Medium,5.91,No
STU3665,Male,21,Mechanical,6,3.3,71.7,6.7,0,Yes,Yes,Yes,Medium,7.34,Yes
STU3666,Male,21,Civil,2,5.8,67.6,7.8,0,Yes,Yes,Yes,Low,8.79,Yes
STU3667,Female,21,Computer Science,3,6.4,82.2,6.9,2,Yes,Yes,Yes,Medium,9.07,Yes
STU3668,Female,18,Computer Science,7,2.7,100,5.2,0,No,Yes,No,High,8.75,Yes
STU3669,Male,21,IT,4,5.6,86.3,6.1,0,Yes,Yes,No,Medium,8.81,Yes
STU3670,Female,21,Electrical,7,2.5,100,5.8,0,No,Yes,No,Medium,8.75,Yes
STU3671,Male,19,Computer Science,1,8.5,84.8,6.6,0,No,No,No,Medium,9.79,Yes
STU3672,Female,20,Electronics,2,2.6,70.4,8.1,0,Yes,No,No,High,6.84,No
STU3673,Male,19,Computer Science,6,6.1,82.2,6.3,0,Yes,Yes,No,Medium,9.11,Yes
STU3674,Female,22,Computer Science,6,5.7,99.4,6.4,1,No,Yes,Yes,High,7.9,Yes
STU3675,Male,18,Electronics,4,4.6,100,8.6,1,No,Yes,No,Medium,9.01,Yes
STU3676,Male,20,Computer Science,4,2.7,71.1,7.6,0,Yes,No,Yes,High,8.23,Yes
STU3677,Male,19,Civil,7,3.7,81,7.2,0,Yes,Yes,No,High,7.75,No
STU3678,Male,21,Mechanical,6,0,60.8,8.8,1,No,Yes,Yes,Medium,6.24,Yes
STU3679,Male,19,Computer Science,6,4.4,87.9,7.1,1,Yes,Yes,No,Low,8.23,Yes
STU3680,Male,19,Computer Science,6,4.7,96.6,4.1,0,Yes,Yes,No,Low,9.31,Yes
STU3681,Female,20,IT,2,4.3,78.5,7.5,1,Yes,Yes,No,Low,7.2,Yes
STU3682,Male,22,Computer Science,6,0,70,4.6,1,Yes,Yes,No,Low,6.49,No
STU3683,Male,19,Mechanical,1,1.5,82.3,7,0,Yes,Yes,No,Low,6.73,Yes
STU3684,Male,18,Electronics,6,2.5,83,4.4,1,No,Yes,No,Medium,7.72,No
STU3685,Male,21,Mechanical,1,4.6,79,5.9,0,No,Yes,No,Low,9.12,Yes
STU3686,Male,20,Electronics,2,4.6,80.1,6.1,0,No,Yes,No,Medium,8.12,Yes
STU3687,Male,22,Computer Science,4,3.7,75.9,5.6,0,Yes,Yes,Yes,High,8.82,Yes
STU3688,Male,18,Computer Science,8,5.3,90,6.1,0,No,Yes,No,Medium,8.02,No
STU3689,Male,20,Computer Science,1,1.9,86.8,7.7,1,No,Yes,No,High,7.95,Yes
STU3690,Male,19,Electronics,2,5.2,66.2,5.6,1,Yes,Yes,No,Low,8.79,Yes
STU3691,Female,19,Civil,8,4.9,65.9,7.2,0,Yes,Yes,No,Medium,8.6,Yes
STU3692,Male,20,Computer Science,8,4.8,74.9,5.3,3,Yes,Yes,No,Medium,6.83,No
STU3693,Male,20,Computer Science,6,3.6,86.8,6.3,0,Yes,Yes,No,Medium,8.5,Yes
STU3694,Female,21,Mechanical,2,7.7,79.8,6.9,0,No,Yes,No,Medium,9.27,Yes
STU3695,Male,19,Mechanical,8,5,70.3,5.3,0,No,Yes,No,Low,10,Yes
STU3696,Female,20,Electrical,6,2.1,81.1,4.9,1,Yes,No,No,Low,6.75,Yes
STU3697,Male,20,Mechanical,7,4.5,74,7.1,2,No,Yes,No,Medium,8.2,Yes
STU3698,Female,22,Electronics,2,5.5,88.6,7.8,1,Yes,No,No,Medium,8.14,Yes
STU3699,Female,19,Mechanical,8,2.8,82,6.4,2,Yes,Yes,No,Medium,7.9,Yes
STU3700,Male,19,Electrical,4,6.2,74.2,6,0,Yes,Yes,No,Low,10,Yes
STU3701,Female,19,IT,1,4.8,80.8,6.7,0,No,No,No,Medium,8.86,Yes
STU3702,Male,20,Electronics,7,0,93.8,6.6,1,Yes,Yes,No,Low,6.88,No
STU3703,Male,19,Computer Science,4,4.6,71.2,6.8,1,Yes,Yes,No,High,7.3,Yes
STU3704,Female,22,Computer Science,3,3.2,82.8,3.5,0,Yes,Yes,No,High,7.31,Yes
STU3705,Female,19,Mechanical,6,5.1,77.2,5.2,1,Yes,Yes,No,Low,8.27,Yes
STU3706,Male,21,Civil,8,5.9,83.1,5.5,0,No,Yes,Yes,Low,9.88,Yes
STU3707,Male,18,Mechanical,1,4.4,70.1,6.7,1,No,Yes,No,Medium,7.45,No
STU3708,Male,20,Computer Science,4,7.3,79.3,6.7,0,No,Yes,No,Low,10,Yes
STU3709,Male,22,Civil,1,3.6,91.3,7.3,1,No,Yes,Yes,High,7.58,Yes
STU3710,Female,19,IT,3,5.2,66.8,6.8,0,No,Yes,No,Medium,8.63,Yes
STU3711,Male,22,Computer Science,5,5.6,62,4.9,0,Yes,Yes,No,Low,8.58,No
STU3712,Male,20,Civil,6,3.8,62.5,8.2,1,Yes,No,No,Low,7.43,Yes
STU3713,Male,22,Electronics,6,5.6,64,8,1,No,Yes,No,Medium,6.91,No
STU3714,Male,20,IT,2,2.8,85.1,5,1,Yes,Yes,Yes,Medium,7.06,No
STU3715,Male,19,IT,8,3.2,61.1,6.9,1,No,Yes,Yes,Medium,7.31,Yes
STU3716,Female,19,Mechanical,6,1.4,74.4,5.8,0,Yes,Yes,No,Low,7.21,No
STU3717,Female,19,Civil,6,4.5,85.4,6.7,4,Yes,Yes,Yes,Low,7,No
STU3718,Female,18,IT,4,4.7,83,7.8,1,No,No,Yes,Medium,8.65,Yes
STU3719,Male,18,Electronics,7,6.4,73.4,9.1,0,No,Yes,No,Medium,9.02,Yes
STU3720,Female,18,Electronics,6,5.6,80.3,7.4,0,Yes,Yes,No,Low,8.36,Yes
STU3721,Female,20,IT,6,3.4,79.3,6.9,0,Yes,No,No,Low,9.05,Yes
STU3722,Female,21,Computer Science,8,1.6,75.3,6.1,1,No,No,Yes,Medium,6.06,No
STU3723,Male,18,Electronics,3,4.9,75.5,6.7,1,Yes,Yes,Yes,Medium,7.7,Yes
STU3724,Male,18,IT,7,6.2,100,8.1,1,Yes,Yes,No,Low,8.57,Yes
STU3725,Male,20,Civil,3,5.5,87.7,6.4,1,Yes,Yes,No,Medium,8.95,Yes
STU3726,Male,19,Electronics,8,6.2,100,5.4,0,No,Yes,No,Low,10,Yes
STU3727,Male,18,Computer Science,1,3.6,72,4.6,1,No,Yes,No,Medium,7.33,No
STU3728,Male,19,Electronics,1,3.1,77,7.1,0,No,Yes,No,Medium,8.12,Yes
STU3729,Male,22,Computer Science,6,2.5,62,6.8,0,Yes,Yes,No,Medium,7.71,Yes
STU3730,Female,21,Computer Science,6,3.9,68.3,5.7,1,Yes,Yes,No,Low,8.6,Yes
STU3731,Male,19,Civil,2,3.8,100,7.7,0,Yes,Yes,No,Low,7.65,Yes
STU3732,Male,20,Computer Science,1,4.4,71.7,6,1,No,No,No,Low,8.22,Yes
STU3733,Female,20,Electronics,4,3.7,100,6.3,1,No,Yes,No,High,8.34,Yes
STU3734,Female,20,Electronics,6,3.7,63.1,6.5,2,Yes,Yes,No,Low,6.66,No
STU3735,Female,20,Electrical,4,2.4,65.4,6.1,0,No,Yes,Yes,Low,7.65,No
STU3736,Female,20,Electronics,6,5.9,73.9,6.8,1,No,Yes,No,Low,8.83,Yes
STU3737,Male,19,Computer Science,8,4.2,77.2,7.9,4,No,No,Yes,Medium,6.76,No
STU3738,Female,18,Computer Science,4,3.7,89.1,5.1,1,No,Yes,No,Medium,9.13,Yes
STU3739,Male,20,Mechanical,5,2.5,83.4,7.1,1,Yes,Yes,No,Low,7.47,Yes
STU3740,Male,21,Mechanical,4,1.3,73,6.7,1,No,No,Yes,Medium,6.77,No
STU3741,Male,20,Electronics,7,6.6,76.4,6.7,0,No,No,No,Low,9.06,No
STU3742,Male,21,Electronics,1,5.1,74.2,7.5,1,Yes,Yes,Yes,Medium,8.48,No
STU3743,Male,22,Computer Science,6,0.8,67,6.6,1,No,Yes,No,Low,6.43,No
STU3744,Female,19,Mechanical,1,5.5,67.3,7.1,1,No,Yes,No,Low,8.13,Yes
STU3745,Female,20,Mechanical,7,5.8,90.3,7.4,1,Yes,Yes,No,Medium,8.72,Yes
STU3746,Female,20,Computer Science,7,4.2,56.1,5.9,1,No,No,No,Medium,7.31,Yes
STU3747,Male,22,Computer Science,4,7.2,97.4,6.9,0,No,Yes,No,Medium,9.45,Yes
STU3748,Female,22,Computer Science,3,4.4,73.9,6.2,1,Yes,Yes,Yes,Medium,8.08,Yes
STU3749,Female,20,Computer Science,3,1.2,68.7,6.3,0,Yes,Yes,No,Low,6.94,No
STU3750,Male,19,Mechanical,7,4.7,86.9,6.1,0,No,Yes,No,Low,9.06,Yes
STU3751,Female,21,Computer Science,3,4.5,95.8,7.1,0,Yes,Yes,No,Medium,8.91,Yes
STU3752,Male,18,Computer Science,6,2.8,91.4,6.6,0,No,Yes,No,High,7.91,No
STU3753,Male,21,Computer Science,2,5.1,84,7,1,Yes,Yes,No,High,9.25,Yes
STU3754,Female,22,Electrical,5,0.7,91,6.5,1,Yes,No,Yes,Medium,6.83,Yes
STU3755,Male,19,IT,4,6,57.4,4.6,0,Yes,Yes,No,Medium,8.85,Yes
STU3756,Male,20,Computer Science,2,2.2,71.7,6.5,1,No,Yes,Yes,Medium,6.61,Yes
STU3757,Female,20,Electronics,3,2,67.1,6.6,0,No,Yes,No,Medium,6.16,No
STU3758,Female,20,Computer Science,4,3.8,92.7,6.8,0,No,Yes,No,Medium,8.18,Yes
STU3759,Male,19,Electronics,2,4.9,73.4,5.8,0,Yes,Yes,No,Low,7.19,Yes
STU3760,Male,21,Computer Science,1,4.3,88.1,5.1,2,No,Yes,Yes,Low,7.38,Yes
STU3761,Male,22,Civil,3,2.5,84.4,7.2,0,Yes,Yes,No,Low,8.8,Yes
STU3762,Female,22,Mechanical,8,3,67.7,6.2,1,Yes,Yes,Yes,Medium,6.67,Yes
STU3763,Male,19,IT,2,1.7,71,6.7,2,Yes,Yes,No,Medium,5.09,No
STU3764,Male,21,Computer Science,8,3.6,93.5,6.2,2,Yes,Yes,No,Medium,8.34,Yes
STU3765,Female,21,IT,6,6.2,68.7,6.5,0,Yes,Yes,Yes,High,8.58,Yes
STU3766,Male,19,IT,1,4,79.5,6,1,Yes,Yes,Yes,High,7.78,No
STU3767,Male,18,Computer Science,3,5.7,68.6,5.3,0,Yes,Yes,Yes,Low,9.1,Yes
STU3768,Male,19,Electronics,5,6.9,74.2,7.1,0,No,Yes,No,Medium,9.57,Yes
STU3769,Female,22,Computer Science,7,2.8,77.4,5.8,0,Yes,Yes,No,Medium,8.27,No
STU3770,Male,20,Computer Science,3,3.6,68.6,6.7,2,No,Yes,No,High,7.51,Yes
STU3771,Male,21,Computer Science,8,8.3,66.5,7,0,No,Yes,No,Low,8.54,Yes
STU3772,Female,19,Mechanical,6,6.9,81.4,5.8,0,Yes,Yes,No,Low,8.48,Yes
STU3773,Male,21,Electronics,5,0.7,67.9,5.1,1,No,Yes,Yes,Medium,7.06,Yes
STU3774,Male,18,Electrical,5,4.8,68.3,9.4,2,No,Yes,Yes,High,7.05,Yes
STU3775,Male,19,Computer Science,5,4,66.7,5.9,1,Yes,Yes,No,High,7.13,Yes
STU3776,Male,20,Electrical,4,5.7,77.1,7.2,0,No,Yes,Yes,Medium,8.14,Yes
STU3777,Male,18,Computer Science,4,2.5,89.3,8.8,0,No,Yes,No,High,7.86,No
STU3778,Male,21,IT,8,2.3,96.1,7.4,0,No,Yes,Yes,Low,7.89,Yes
STU3779,Male,19,Electronics,7,2.6,69.3,6.1,1,No,Yes,No,Medium,6.54,Yes
STU3780,Male,20,Computer Science,5,2.9,100,6.4,1,Yes,Yes,No,Medium,7.2,Yes
STU3781,Female,20,IT,7,5.6,65.9,5.5,1,Yes,No,No,Low,8.24,Yes
STU3782,Female,20,Electronics,1,1.6,91,7.6,0,Yes,Yes,No,Low,7.28,Yes
STU3783,Female,18,Civil,5,2.8,69.3,7.2,1,No,Yes,No,High,6.86,Yes
STU3784,Female,18,Mechanical,2,0.4,67.5,5.9,1,No,Yes,No,Medium,4.97,No
STU3785,Male,22,Electronics,5,6,69.1,5.2,2,No,Yes,No,High,8.9,Yes
STU3786,Female,19,Electronics,8,6.5,77.4,4.9,1,Yes,Yes,No,Low,9.13,Yes
STU3787,Male,21,Civil,4,3.3,85,7.7,0,Yes,Yes,No,Medium,7.94,Yes
STU3788,Female,22,Computer Science,4,3.4,86,6.6,0,No,Yes,No,Medium,7.7,Yes
STU3789,Female,19,Civil,2,4.9,66.7,6.8,0,No,Yes,No,High,8.4,Yes
STU3790,Female,19,IT,2,6.9,66.1,5.5,1,Yes,Yes,No,Low,8.5,Yes
STU3791,Female,20,Computer Science,3,4.8,67,4.7,1,Yes,No,No,Medium,6.99,Yes
STU3792,Female,22,Computer Science,1,2.6,76.7,7.7,0,Yes,Yes,No,Low,6.3,No
STU3793,Male,22,Civil,1,0.8,75.5,6.6,0,Yes,No,No,Medium,6.8,Yes
STU3794,Male,20,Electronics,8,1.8,66.6,7.6,0,No,Yes,No,Low,6.4,No
STU3795,Female,21,Electronics,8,4.1,81.2,6,2,No,Yes,No,Low,7.46,Yes
STU3796,Male,18,Computer Science,8,2.7,100,6.2,0,No,No,No,Medium,8.36,Yes
STU3797,Female,22,Mechanical,8,4.4,71.9,7.4,0,No,Yes,No,Medium,7.76,Yes
STU3798,Female,22,Computer Science,8,2.9,72.8,7.4,0,Yes,Yes,No,Low,7.52,No
STU3799,Male,19,Electronics,8,1.9,84.7,7.5,1,Yes,Yes,No,Low,8.29,Yes
STU3800,Female,19,IT,1,1.6,71.3,6.1,1,No,Yes,Yes,High,7.26,Yes
STU3801,Female,18,Computer Science,6,7.1,86,7.2,1,No,No,No,Low,8.79,Yes
STU3802,Female,19,Electronics,4,5.8,69.4,7.8,0,Yes,Yes,No,Low,10,Yes
STU3803,Female,21,Electrical,1,7.5,100,6.4,0,Yes,Yes,No,Low,9.23,No
STU3804,Male,19,Civil,8,5.1,82.1,5.9,0,Yes,Yes,No,High,8.23,Yes
STU3805,Female,18,IT,3,3.1,70.6,8.1,3,Yes,Yes,No,Low,6.34,No
STU3806,Female,19,Electronics,3,6.6,70.9,5.7,0,No,Yes,No,High,8.09,Yes
STU3807,Male,22,IT,1,3.9,71.8,7.3,0,No,Yes,No,High,9.24,Yes
STU3808,Male,20,Computer Science,2,4.4,94.5,6.4,0,No,Yes,No,Medium,8.86,No
STU3809,Female,20,Computer Science,3,3.9,62.8,4.3,0,No,Yes,No,Low,7.36,Yes
STU3810,Male,19,Computer Science,7,0,70,7.9,0,No,Yes,Yes,Medium,7.06,No
STU3811,Female,22,Electronics,2,7.2,71.3,3.2,1,Yes,Yes,Yes,Medium,8.69,Yes
STU3812,Female,21,IT,7,5,77.8,4.1,1,Yes,Yes,No,Medium,7.83,Yes
STU3813,Male,19,Electronics,4,4.7,74.7,7.1,0,No,Yes,No,High,7.77,Yes
STU3814,Female,18,Civil,6,3.9,60.1,7.1,1,No,No,Yes,Low,6.56,Yes
STU3815,Female,18,Civil,3,4.3,73.2,5.7,1,Yes,Yes,No,Medium,9.07,Yes
STU3816,Male,18,Mechanical,2,2.8,76.8,6.7,1,No,Yes,No,Low,6.54,Yes
STU3817,Male,20,Electronics,8,5.2,70.5,3.5,1,No,Yes,Yes,Medium,8.92,Yes
STU3818,Male,22,Mechanical,7,1.4,86.2,7.3,1,No,Yes,No,Medium,6.57,No
STU3819,Male,20,Electronics,1,4.4,89,6.8,0,No,Yes,No,Low,9.13,Yes
STU3820,Female,21,Computer Science,7,5.1,77.1,6.4,0,No,Yes,Yes,Low,8.93,Yes
STU3821,Male,20,Electrical,7,3.6,80.8,6.5,0,No,Yes,No,Low,8.6,Yes
STU3822,Female,21,Computer Science,4,4.7,52.1,7.1,1,Yes,Yes,No,Medium,7.98,Yes
STU3823,Male,21,Computer Science,5,2,72.9,6.5,1,No,No,Yes,High,6.02,No
STU3824,Male,19,IT,5,2.1,90.1,4.3,0,No,Yes,No,Medium,7.35,Yes
STU3825,Female,19,Electronics,1,4.5,72.9,9.1,0,No,No,No,Medium,7.67,No
STU3826,Female,20,Civil,4,5.4,69.2,7.9,0,No,Yes,Yes,Low,8.78,Yes
STU3827,Male,18,Electronics,4,0.3,100,5,0,No,Yes,No,Low,6.56,Yes
STU3828,Male,19,Electronics,8,5,99.8,6.1,1,Yes,Yes,Yes,Low,7.36,Yes
STU3829,Male,20,Computer Science,4,2.9,83.6,6.2,1,Yes,Yes,No,Medium,7.35,Yes
STU3830,Male,22,Electronics,4,3.6,91.7,7.8,1,No,Yes,Yes,Medium,6.66,Yes
STU3831,Female,20,Electronics,5,1.3,51.3,3.9,1,No,No,No,High,6.33,No
STU3832,Male,21,Civil,2,2.3,68.5,5.9,2,No,Yes,No,Medium,5.72,No
STU3833,Male,20,Mechanical,4,5.9,72.4,4.4,2,No,Yes,No,Medium,7.23,Yes
STU3834,Male,21,Electrical,2,4.1,75.2,6.2,1,No,Yes,Yes,Low,6.38,No
STU3835,Female,20,Computer Science,7,3.2,72.1,5.9,2,No,Yes,No,Low,7.85,No
STU3836,Female,21,Mechanical,7,3.8,47.4,6.6,1,Yes,Yes,Yes,Low,6.23,No
STU3837,Male,20,Mechanical,4,5,82.6,5.8,2,No,Yes,No,Medium,7.47,Yes
STU3838,Female,20,Electrical,3,4.9,84.5,5.6,1,Yes,Yes,Yes,Medium,7.11,Yes
STU3839,Male,20,Computer Science,6,3.8,97.2,7.2,3,Yes,Yes,No,Low,6.63,No
STU3840,Male,20,Mechanical,3,6.2,68.5,7,1,Yes,No,No,Medium,9.44,Yes
STU3841,Female,18,IT,7,5.9,67.6,7.2,1,Yes,Yes,No,Medium,8.46,Yes
STU3842,Female,18,Computer Science,6,4.8,45.8,6.3,1,Yes,Yes,No,Low,6.98,Yes
STU3843,Female,18,IT,3,4.1,74.5,5.8,0,Yes,Yes,No,Medium,8.19,Yes
STU3844,Female,21,Computer Science,4,5.3,88.8,6.4,0,Yes,Yes,No,Medium,8.61,Yes
STU3845,Male,19,Civil,2,4.6,70.7,7.1,2,Yes,Yes,No,Low,7.32,No
STU3846,Female,19,Electrical,6,6.1,100,3.9,0,No,Yes,No,Medium,9.78,Yes
STU3847,Male,21,Civil,5,5.8,74.9,7,1,No,No,No,Low,8.18,No
STU3848,Female,19,Electronics,1,2,79.8,6.9,0,No,Yes,No,Medium,7.77,No
STU3849,Male,20,Computer Science,6,1.8,61.6,6.6,1,No,Yes,No,High,6.83,No
STU3850,Female,19,Electrical,6,2.6,81.4,6.3,2,No,No,No,Medium,6.66,Yes
STU3851,Male,22,Electronics,5,6,54.2,3.4,2,No,Yes,No,Low,6.91,Yes
STU3852,Male,21,Computer Science,4,0.8,86.3,6,1,Yes,Yes,Yes,Medium,6.49,Yes
STU3853,Female,21,Civil,3,4.8,86.7,8.6,0,Yes,Yes,No,Low,9.26,No
STU3854,Male,20,Electronics,3,4.7,94.3,6.5,0,No,Yes,No,Low,9.33,Yes
STU3855,Male,21,Computer Science,7,6.3,65.8,6.1,0,No,Yes,No,Medium,8.14,Yes
STU3856,Male,18,Computer Science,2,4.4,79.9,6.5,0,No,Yes,No,Low,8.31,No
STU3857,Male,18,Computer Science,4,1.3,84.8,6.9,0,No,Yes,No,Low,7.04,No
STU3858,Male,18,Mechanical,5,2.1,83.3,7.3,1,Yes,Yes,No,Medium,7.75,Yes
STU3859,Male,20,Mechanical,4,1.6,67.6,6.2,0,No,Yes,No,Medium,6.94,Yes
STU3860,Female,20,Mechanical,4,2.9,49.3,7,1,No,Yes,Yes,Low,8.17,Yes
STU3861,Male,20,IT,3,3.6,82.2,8.5,0,No,Yes,Yes,Medium,8.46,Yes
STU3862,Female,18,IT,5,1.7,76.2,7.7,1,No,Yes,No,High,7.71,No
STU3863,Female,20,Mechanical,8,6.9,71.2,9.3,0,Yes,No,No,Low,8.7,Yes
STU3864,Male,21,Computer Science,1,1.3,87.2,5.7,3,Yes,Yes,No,Medium,5.99,No
STU3865,Female,20,Civil,6,6.7,77.5,8.5,0,Yes,Yes,Yes,Medium,9.69,Yes
STU3866,Male,21,Electronics,3,6.4,62.2,5.6,0,Yes,No,Yes,Medium,8.14,Yes
STU3867,Female,19,Mechanical,5,5.8,54.8,6.9,1,Yes,Yes,No,Low,7.98,Yes
STU3868,Male,21,Mechanical,2,2.6,64.5,7.4,2,No,No,No,Low,7.2,Yes
STU3869,Male,20,Electronics,6,4.7,100,5.9,1,No,Yes,No,Medium,8.24,Yes
STU3870,Female,19,Electrical,6,1.4,86.7,6.6,1,No,Yes,No,High,6.54,No
STU3871,Female,19,Computer Science,8,5.8,80.3,7.6,0,No,Yes,Yes,Medium,10,Yes
STU3872,Female,20,Civil,8,3.9,75.8,5.6,1,Yes,Yes,Yes,High,6.96,No
STU3873,Male,21,Computer Science,3,3.2,75,8.5,1,Yes,No,Yes,Medium,7.64,Yes
STU3874,Female,20,Electrical,7,1.6,92,4.8,1,No,Yes,No,High,6.72,Yes
STU3875,Male,19,Computer Science,2,0,72.1,8.8,2,Yes,Yes,No,Medium,5.32,No
STU3876,Male,21,Computer Science,3,1.9,84.9,7.7,0,No,Yes,No,High,8.19,Yes
STU3877,Male,20,Electronics,4,6.2,73.8,6.4,0,No,Yes,Yes,Low,8.84,Yes
STU3878,Female,20,Electronics,7,3.2,100,6,1,Yes,Yes,No,High,8.16,Yes
STU3879,Male,20,Computer Science,5,3.7,86.9,5.9,1,No,Yes,No,Low,6.47,No
STU3880,Male,19,Mechanical,8,5.3,92.9,6.3,0,Yes,No,Yes,Low,9.33,Yes
STU3881,Female,20,Electronics,2,7.6,71,6.4,0,No,Yes,No,Medium,8.97,No
STU3882,Male,19,Computer Science,6,6.7,90.7,8,1,Yes,Yes,Yes,Medium,7.93,Yes
STU3883,Male,22,Electronics,3,2.1,74.2,8.9,0,Yes,Yes,Yes,Low,8.79,Yes
STU3884,Male,20,IT,8,0.1,79.3,6.7,0,No,Yes,No,High,7.32,Yes
STU3885,Female,20,Civil,6,8.7,97.6,5.5,0,No,Yes,No,Medium,10,Yes
STU3886,Male,20,Civil,2,8.5,65.5,5.8,1,No,Yes,No,High,9.82,Yes
STU3887,Male,22,Civil,8,4.4,80.4,6.3,2,No,Yes,No,High,7.61,Yes
STU3888,Female,21,Electronics,8,1.5,83.3,5.3,1,No,No,No,Medium,6.48,Yes
STU3889,Female,20,Computer Science,6,5.9,84.2,5.1,0,No,Yes,No,Low,8.9,Yes
STU3890,Male,21,Computer Science,3,3.8,72.6,9,0,No,Yes,No,Low,7.82,Yes
STU3891,Female,20,IT,7,3.8,100,6.9,0,No,Yes,Yes,Medium,8.37,Yes
STU3892,Female,20,Electrical,3,5.8,62.5,5.5,1,No,Yes,No,Medium,7.3,Yes
STU3893,Female,19,Electronics,1,4.7,95.5,7.5,0,No,Yes,No,Medium,8.35,Yes
STU3894,Male,20,Computer Science,8,1.6,92.6,5.1,1,No,Yes,No,Medium,7.7,Yes
STU3895,Female,19,Computer Science,6,3.4,100,5.2,1,Yes,Yes,No,Low,8.15,Yes
STU3896,Male,22,Electronics,1,5.3,58.9,5.5,0,Yes,Yes,No,Medium,8.01,Yes
STU3897,Male,19,Mechanical,7,5,67.6,8.5,1,No,Yes,No,Low,7.41,No
STU3898,Male,22,Computer Science,1,4.5,95.9,6.2,1,No,Yes,No,High,8.06,Yes
STU3899,Male,20,Electrical,6,5.9,55.5,3.6,1,No,Yes,No,Low,6.84,Yes
STU3900,Male,20,Electronics,2,3.3,58.7,8,0,No,Yes,No,Medium,7.8,Yes
STU3901,Female,20,Electrical,4,4.4,72.1,6.1,0,Yes,Yes,No,Low,8.85,Yes
STU3902,Male,18,IT,7,0,80.3,4.3,1,Yes,Yes,Yes,Medium,7.74,Yes
STU3903,Male,19,IT,3,3.1,97.1,6.1,2,No,Yes,No,Medium,6.67,No
STU3904,Male,18,Mechanical,5,5.5,75.8,7.1,0,No,Yes,No,Low,9.34,Yes
STU3905,Male,20,Mechanical,7,3.2,70.7,7,3,No,Yes,Yes,Medium,5.96,No
STU3906,Female,20,Mechanical,1,3.1,81.7,8.7,1,Yes,Yes,No,High,6.98,No
STU3907,Male,21,Mechanical,2,1.9,83.6,5.5,2,No,Yes,No,High,5.93,No
STU3908,Male,19,Mechanical,6,6,83.3,6.6,0,Yes,Yes,No,Low,9.18,Yes
STU3909,Male,19,Electrical,2,5.1,75.9,5.7,0,No,Yes,No,Medium,8.03,Yes
STU3910,Male,20,Civil,2,5.7,54.5,4.6,0,No,Yes,No,Low,7.95,Yes
STU3911,Male,22,IT,6,0.5,67,7.6,1,No,Yes,No,Low,6.13,Yes
STU3912,Female,21,IT,5,3.7,95,7.1,2,No,Yes,No,Medium,7.11,Yes
STU3913,Female,20,Computer Science,6,3.4,80.2,6.8,0,No,Yes,Yes,Low,7.65,Yes
STU3914,Male,20,Computer Science,5,3.4,74.1,7,1,Yes,No,No,Medium,6.06,Yes
STU3915,Female,18,Electronics,6,2.8,91.4,5.7,0,No,Yes,No,High,8.15,Yes
STU3916,Female,22,Mechanical,1,3.3,64.4,5.3,1,Yes,Yes,No,Low,7.25,No
STU3917,Female,20,IT,5,5.7,75.3,6.5,0,No,No,Yes,Low,8.35,No
STU3918,Male,19,Electronics,1,0.2,79.7,7.9,0,No,Yes,No,Medium,7.28,Yes
STU3919,Male,20,Mechanical,7,7.6,72.7,8.4,0,No,Yes,Yes,Medium,10,Yes
STU3920,Male,18,Mechanical,5,5,79.2,7.5,1,Yes,Yes,No,High,8.22,No
STU3921,Female,22,Computer Science,5,3.9,75.7,6.5,0,Yes,Yes,No,High,9,Yes
STU3922,Female,19,Mechanical,6,5.8,61.2,6.8,0,Yes,No,Yes,Medium,9.94,Yes
STU3923,Male,20,IT,5,1.1,80.2,6.5,0,Yes,No,No,Low,8.83,Yes
STU3924,Male,19,Computer Science,1,2.7,62.1,5.3,3,Yes,Yes,No,Medium,5.24,No
STU3925,Female,21,Mechanical,8,3.8,80,6.5,1,No,Yes,No,Low,7.05,Yes
STU3926,Female,21,Mechanical,7,6.7,94.5,4.9,1,No,Yes,Yes,High,8.71,Yes
STU3927,Female,20,Computer Science,8,3.9,74.6,6.4,1,No,Yes,No,Low,7.75,Yes
STU3928,Female,20,Computer Science,6,4.9,63.9,8.5,0,Yes,Yes,No,Medium,9.37,No
STU3929,Male,21,Electrical,3,2.8,76.5,7.5,1,Yes,Yes,No,Low,7.76,Yes
STU3930,Female,18,Electronics,7,5,68,5.4,0,Yes,Yes,No,Medium,7.66,No
STU3931,Female,19,Computer Science,8,7.4,85.1,6.4,0,Yes,No,No,Medium,9.25,Yes
STU3932,Male,19,Computer Science,7,6,76.2,5.5,1,Yes,Yes,No,Medium,8.37,Yes
STU3933,Male,22,Civil,8,3.8,98.5,6.4,1,Yes,Yes,No,Medium,7.23,Yes
STU3934,Female,19,Mechanical,1,5.4,92,7.7,0,No,Yes,No,Medium,9.12,Yes
STU3935,Male,21,Mechanical,8,5.2,76.2,7.3,0,No,No,Yes,Low,8,Yes
STU3936,Female,20,Computer Science,7,5,86.6,9.5,1,No,Yes,Yes,High,7.47,No
STU3937,Female,19,IT,3,6.2,73.3,7.9,1,No,Yes,No,High,7.96,No
STU3938,Female,19,Electronics,2,6.2,78.4,6.7,0,Yes,Yes,No,Low,9.32,Yes
STU3939,Male,19,Electronics,6,3.7,73.7,7.3,0,No,No,No,High,8.38,Yes
STU3940,Male,20,Electronics,2,5.3,87.2,6.3,1,Yes,No,No,High,8.47,Yes
STU3941,Female,19,Electronics,6,3.2,95.2,5.1,1,Yes,Yes,No,Medium,8.37,Yes
STU3942,Male,18,IT,7,2.2,87.6,8.1,3,Yes,Yes,No,Low,6.96,No
STU3943,Female,21,Electrical,6,3.5,89.1,7.7,0,Yes,Yes,No,Medium,8.51,Yes
STU3944,Female,22,Electronics,8,3.8,89.1,6.2,0,No,Yes,No,Medium,8.46,Yes
STU3945,Male,19,IT,1,0.7,84.6,6.8,0,No,No,No,Medium,7.35,Yes
STU3946,Male,19,IT,3,5.7,64.3,8,1,No,Yes,No,Medium,8.09,Yes
STU3947,Male,18,Electrical,6,0,98.4,7.5,0,Yes,Yes,No,High,6.04,No
STU3948,Male,20,Computer Science,3,9.4,99.7,4.7,0,No,Yes,Yes,Medium,10,Yes
STU3949,Female,21,Mechanical,6,7,75.2,6.8,0,No,Yes,No,Low,9.53,Yes
STU3950,Female,18,Computer Science,3,3.5,73.6,6.3,1,No,Yes,Yes,Medium,6.78,No
STU3951,Female,19,IT,2,4,85.3,7.8,1,No,Yes,No,Medium,8.85,Yes
STU3952,Female,21,Computer Science,1,4.6,84.6,7.7,1,No,Yes,No,Low,7.83,Yes
STU3953,Male,20,Mechanical,6,2.8,75.6,8.1,2,No,Yes,No,Medium,6.83,No
STU3954,Female,18,Electronics,4,4.4,63,5.2,1,No,Yes,No,Low,8.17,Yes
STU3955,Female,20,Electronics,3,3.7,81.7,5.6,0,Yes,No,No,High,8.34,Yes
STU3956,Female,19,Mechanical,3,3.8,84.6,7.8,3,Yes,Yes,No,Medium,7.71,No
STU3957,Female,19,IT,8,4.4,86.7,5.8,0,No,Yes,Yes,Medium,8.35,Yes
STU3958,Male,21,Mechanical,4,1.4,82.2,4.7,0,No,Yes,No,Low,8.38,Yes
STU3959,Female,21,IT,1,4.1,74.7,7.1,3,No,Yes,No,Medium,6.32,No
STU3960,Male,20,Computer Science,3,4.3,89.9,5.8,0,No,Yes,No,Medium,9.38,Yes
STU3961,Male,22,Mechanical,1,4.3,78.8,8.6,1,Yes,Yes,No,Medium,6.65,No
STU3962,Male,20,Electronics,3,3.6,72.4,6.9,0,No,No,No,High,7.39,Yes
STU3963,Female,21,Computer Science,7,6.3,75.8,6.7,0,Yes,Yes,No,Medium,9.23,Yes
STU3964,Female,20,Mechanical,5,3.3,57,6.1,1,No,Yes,No,Medium,6.86,No
STU3965,Female,21,Civil,7,4.5,75.8,8.4,0,Yes,Yes,No,Low,8.47,Yes
STU3966,Female,22,Mechanical,3,6.6,86.3,6.9,0,No,Yes,No,Medium,9.41,Yes
STU3967,Female,18,Civil,5,3.8,82.1,6,1,Yes,Yes,No,High,7.06,Yes
STU3968,Female,22,Mechanical,6,4.4,96.2,5.5,0,No,No,No,Medium,8.07,Yes
STU3969,Male,21,Computer Science,1,3.8,74.8,6.4,0,No,Yes,Yes,Medium,8.29,Yes
STU3970,Male,21,Computer Science,3,6.5,83.8,5.3,0,Yes,Yes,No,High,8.82,Yes
STU3971,Male,19,Mechanical,8,3.5,87.5,7.7,1,No,Yes,No,Medium,8.66,Yes
STU3972,Female,21,Computer Science,2,6.6,100,4.3,1,No,Yes,No,Medium,8.91,Yes
STU3973,Female,21,Computer Science,8,3.8,79.7,6.3,2,Yes,No,No,Medium,7.67,Yes
STU3974,Male,19,Electronics,2,2.3,65.5,7.2,0,No,Yes,No,Medium,7.74,Yes
STU3975,Male,22,Mechanical,4,5.4,88.2,6.9,0,Yes,Yes,No,Medium,8.64,Yes
STU3976,Female,18,Electronics,2,3.4,100,5.6,0,Yes,Yes,No,Medium,7.28,Yes
STU3977,Male,18,Civil,5,5.2,74.1,7.3,0,No,Yes,No,High,9.38,Yes
STU3978,Female,20,Mechanical,2,0,88.1,5.4,1,No,Yes,No,Low,5.94,No
STU3979,Female,20,Electronics,2,4,92.7,6.5,2,Yes,Yes,No,Low,7.34,Yes
STU3980,Male,20,IT,2,3.1,90.2,7.3,0,Yes,Yes,No,Low,8.16,Yes
STU3981,Male,18,Mechanical,3,1.9,79.5,7.1,2,No,Yes,No,Medium,6.58,No
STU3982,Female,22,Mechanical,4,2.9,69.6,5.7,0,No,Yes,No,Medium,8.27,Yes
STU3983,Female,18,Mechanical,1,2.9,77,7.9,2,Yes,Yes,No,Low,6.95,Yes
STU3984,Male,18,Computer Science,4,3.9,83.5,6.6,0,No,Yes,Yes,Medium,8.29,Yes
STU3985,Female,18,Civil,8,1.3,88.9,7.4,2,Yes,Yes,No,Medium,7.21,No
STU3986,Male,20,Electronics,5,4.6,82,8.3,0,Yes,Yes,No,Medium,9.03,Yes
STU3987,Male,22,Electrical,3,6.7,73.4,7.8,2,No,Yes,No,High,7.76,No
STU3988,Female,20,IT,6,4.6,84.7,7.8,0,No,Yes,No,Medium,8.01,Yes
STU3989,Female,21,Mechanical,3,5.6,88.3,6.7,0,Yes,Yes,No,Low,8.57,Yes
STU3990,Male,18,Computer Science,7,6.2,82.6,7.5,0,No,Yes,No,Low,9.17,Yes
STU3991,Female,20,Computer Science,2,6.5,68,6.8,0,Yes,Yes,No,Medium,8.23,Yes
STU3992,Female,20,Electronics,8,7.7,75.8,5,1,No,Yes,Yes,Medium,9.02,Yes
STU3993,Male,20,Electronics,2,3,89.4,6.9,2,Yes,Yes,No,Low,7.11,Yes
STU3994,Male,18,Computer Science,5,2.6,61.4,6.8,1,No,Yes,No,Low,5.45,No
STU3995,Female,20,Mechanical,6,5.6,52.9,7.2,1,Yes,Yes,No,Medium,7.03,Yes
STU3996,Male,20,Computer Science,8,5.4,96.1,6.3,0,No,No,Yes,Medium,7.4,No
STU3997,Male,21,Electrical,7,5.6,84.1,5.6,1,No,Yes,No,Medium,8.22,No
STU3998,Male,20,Computer Science,3,7.8,85.3,7.3,0,Yes,Yes,No,Low,10,Yes
STU3999,Female,18,Electrical,6,4,65.1,4.9,2,Yes,Yes,No,Medium,5.81,No
